model,z,quantity,observed,predicted,residual,diag_sigma,diag_pull
Planck-like LCDM geometry control,0.295,DV_over_rd,7.94167639,8.055974178759243,0.11429778875924335,0.07609196324185624,1.502100667266935
Planck-like LCDM geometry control,0.51,DM_over_rd,13.58758434,13.498222211704109,-0.08936212829589074,0.16836678472905517,-0.5307586555133013
Planck-like LCDM geometry control,0.51,DH_over_rd,21.86294686,22.731046768890668,0.8680999088906667,0.42886832478046216,2.0241641984985654
Planck-like LCDM geometry control,0.706,DM_over_rd,17.35069094,17.696542012687708,0.345851072687708,0.17993122074837373,1.9221293072388266
Planck-like LCDM geometry control,0.706,DH_over_rd,19.45534918,20.158793071029866,0.7034438910298668,0.33387003159912393,2.1069393010825492
Planck-like LCDM geometry control,0.934,DM_over_rd,21.57563956,21.988144769118247,0.4125052091182475,0.1617815860968114,2.5497661326635845
Planck-like LCDM geometry control,0.934,DH_over_rd,17.64149464,17.557733977104796,-0.08376066289520523,0.20104324858099562,-0.4166300708250843
Planck-like LCDM geometry control,1.321,DM_over_rd,27.60085612,28.070754896057114,0.4698987760571143,0.32455587500459765,1.4478208907802321
Planck-like LCDM geometry control,1.321,DH_over_rd,14.17602155,14.053842033788083,-0.1221795162119168,0.22455135092000672,-0.544105015228528
Planck-like LCDM geometry control,1.484,DM_over_rd,30.51190063,30.262932689474347,-0.2489679405256524,0.763557644844186,-0.3260630578539458
Planck-like LCDM geometry control,1.484,DH_over_rd,12.81699964,12.869363880011573,0.05236424001157225,0.5180117691713191,0.10108696969441658
Planck-like LCDM geometry control,2.33,DH_over_rd,8.631545674846294,8.607648280729759,-0.023897394116534798,0.10106245296844917,-0.23646164737358355
Planck-like LCDM geometry control,2.33,DM_over_rd,38.988973961958784,39.16184491897355,0.17287095701476574,0.5316820280957407,0.3251397411981671
C3 best compressed geometry sample,0.295,DV_over_rd,7.94167639,7.9394519517747435,-0.002224438225256087,0.07609196324185624,-0.029233550173830714
C3 best compressed geometry sample,0.51,DM_over_rd,13.58758434,13.30308320537384,-0.28450113462615967,0.16836678472905517,-1.689769957203816
C3 best compressed geometry sample,0.51,DH_over_rd,21.86294686,22.373682674612645,0.5107358146126444,0.42886832478046216,1.1908919010843018
C3 best compressed geometry sample,0.706,DM_over_rd,17.35069094,17.445285068956952,0.09459412895695252,0.17993122074837373,0.5257238213774943
C3 best compressed geometry sample,0.706,DH_over_rd,19.45534918,19.940729070666716,0.4853798906667173,0.33387003159912393,1.4537989179259745
C3 best compressed geometry sample,0.934,DM_over_rd,21.57563956,21.702129086047353,0.12648952604735442,0.1617815860968114,0.7818536651733781
C3 best compressed geometry sample,0.934,DH_over_rd,17.64149464,17.462146479051466,-0.17934816094853545,0.20104324858099562,-0.8920874598595648
C3 best compressed geometry sample,1.321,DM_over_rd,27.60085612,27.77123068403372,0.17037456403372175,0.32455587500459765,0.5249467877643819
C3 best compressed geometry sample,1.321,DH_over_rd,14.17602155,14.06173549117499,-0.11428605882501053,0.22455135092000672,-0.5089528892022713
C3 best compressed geometry sample,1.484,DM_over_rd,30.51190063,29.96631624379153,-0.5455843862084713,0.763557644844186,-0.7145294004879029
C3 best compressed geometry sample,1.484,DH_over_rd,12.81699964,12.895440338091607,0.07844069809160636,0.5180117691713191,0.15142647862439612
C3 best compressed geometry sample,2.33,DH_over_rd,8.631545674846294,8.645474622010617,0.013928947164323802,0.10106245296844917,0.13782514430628653
C3 best compressed geometry sample,2.33,DM_over_rd,38.988973961958784,38.89759236154862,-0.09138160041016619,0.5316820280957407,-0.17187265241493357
Best nonphantom geometry sample under SN-shape gate,0.295,DV_over_rd,7.94167639,7.980770347168892,0.03909395716889286,0.07609196324185624,0.513772486650578
Best nonphantom geometry sample under SN-shape gate,0.51,DM_over_rd,13.58758434,13.36349391417017,-0.22409042582982863,0.16836678472905517,-1.3309657613908048
Best nonphantom geometry sample under SN-shape gate,0.51,DH_over_rd,21.86294686,22.411960765076905,0.5490139050769045,0.42886832478046216,1.2801456142930232
Best nonphantom geometry sample under SN-shape gate,0.706,DM_over_rd,17.35069094,17.50421847223733,0.15352753223733018,0.17993122074837373,0.8532567699967534
Best nonphantom geometry sample under SN-shape gate,0.706,DH_over_rd,19.45534918,19.892991618103213,0.43764243810321446,0.33387003159912393,1.310816775039844
Best nonphantom geometry sample under SN-shape gate,0.934,DM_over_rd,21.57563956,21.742959301324806,0.16731974132480687,0.1617815860968114,1.0342322965277482
Best nonphantom geometry sample under SN-shape gate,0.934,DH_over_rd,17.64149464,17.358618257694474,-0.2828763823055276,0.20104324858099562,-1.4070424364017542
Best nonphantom geometry sample under SN-shape gate,1.321,DM_over_rd,27.60085612,27.766189413210736,0.1653332932107361,0.32455587500459765,0.5094139590244483
Best nonphantom geometry sample under SN-shape gate,1.321,DH_over_rd,14.17602155,13.93920221509449,-0.2368193349055101,0.22455135092000672,-1.0546333118693803
Best nonphantom geometry sample under SN-shape gate,1.484,DM_over_rd,30.51190063,29.941725394804784,-0.5701752351952152,0.763557644844186,-0.7467350226210714
Best nonphantom geometry sample under SN-shape gate,1.484,DH_over_rd,12.81699964,12.778833034655047,-0.0381666053449532,0.5180117691713191,-0.07367903128148923
Best nonphantom geometry sample under SN-shape gate,2.33,DH_over_rd,8.631545674846294,8.579088884801632,-0.05245679004466197,0.10106245296844917,-0.5190532042700223
Best nonphantom geometry sample under SN-shape gate,2.33,DM_over_rd,38.988973961958784,38.79573863009848,-0.19323533186030772,0.5316820280957407,-0.3634415339416204
