shape_id,family,K,band,k1,k2,k3,frozen_hard_all,frozen_prov_all,fNL_by_surface,x_S_by_surface,fNL_spread,fNL_mean,B_spread_rel,passed_GS,fNL_ref035,B_total_ref035,cancellation_factor_ref035,B_pieces_ref035,disposition,claim_basis
squeezed_q0.001_K0.010,squeezed,0.01,hard,1.4992503748125937e-05,0.014992503748125937,0.014992503748125937,True,True,"{""0.2"": 0.05731806419081862, ""0.25"": 0.05732140413143376, ""0.3"": 0.05732553679747097, ""0.35"": 0.05733056972270746, ""0.4"": 0.05733663878109422}","{""0.2"": 0.01635053584186753, ""0.25"": 0.017073932058690195, ""0.3"": 0.017931985562492016, ""0.35"": 0.018924662362117477, ""0.4"": 0.020053501812803746}",1.85745902755996e-05,0.05732644272470501,0.000301608703245126,True,0.05733056972270746,5.1552771725829305e+23,2.5685345504993187,"{""O1"": 5.837527720026844e+21, ""O2"": 1.241113469489811e+22, ""O3a"": 2.175073951995187e+16, ""O3b"": -201241904236544.0, ""O3c"": -119133177446656.0, ""V1"": -4.0381316924909036e+23, ""V2"": 9.015905501654321e+23, ""f2"": -4.983472182167899e+20, ""f3"": -1342156115077666.5, ""f4"": 1057034783472826.8}",claim,equilateral_or_squeezed_hard_K_le_0.06
equilateral_K0.010,equilateral,0.01,hard,0.01,0.01,0.01,True,True,"{""0.2"": 0.038202120559706135, ""0.25"": 0.03820644511676966, ""0.3"": 0.03821158810333379, ""0.35"": 0.038217669289041946, ""0.4"": 0.03822483763189648}","{""0.2"": 0.010905807406522687, ""0.25"": 0.011388312683143276, ""0.3"": 0.011960634370178934, ""0.35"": 0.012622749795528937, ""0.4"": 0.013375685709136474}",2.271707219034247e-05,0.0382125321401496,0.0005744220899405604,True,0.038217669289041946,2808494342159377.0,5.48087864463044,"{""O1"": 87380888239370.0, ""O2"": 120716036145152.0, ""O3a"": 87380888239370.0, ""O3b"": -592604330902.0, ""O3c"": -296302165451.0, ""V1"": -6284089494640504.0, ""V2"": 8802395956969472.0, ""f2"": -3623718125435.3467, ""f3"": -3659041411391.972, ""f4"": 2881733239697.2617}",claim,equilateral_or_squeezed_hard_K_le_0.06
squeezed_q0.001_K0.015,squeezed,0.015,hard,2.2488755622188906e-05,0.022488755622188907,0.022488755622188907,True,True,"{""0.2"": 0.05835016568620238, ""0.25"": 0.05835766928754268, ""0.3"": 0.058366954295291096, ""0.35"": 0.05837826204300608, ""0.4"": 0.05839189754423361}","{""0.2"": 0.02452580376279584, ""0.25"": 0.0256108980880296, ""0.3"": 0.026897978343732042, ""0.35"": 0.028386993543169908, ""0.4"": 0.030080252719198928}",4.1731858031225644e-05,0.058368989771255174,0.0006644210968265623,True,0.05837826204300608,4.155023525340304e+22,2.70060320411923,"{""O1"": 5.15981297854391e+20, ""O2"": 1.0633093619070334e+21, ""O3a"": 1909769577050624.0, ""O3b"": -34498017920608.0, ""O3c"": -20549359585472.0, ""V1"": -3.524147976140501e+22, ""V2"": 7.530117409754716e+22, ""f2"": -8.875154644677988e+19, ""f3"": -239023341556063.38, ""f4"": 188247389952619.5}",claim,equilateral_or_squeezed_hard_K_le_0.06
equilateral_K0.015,equilateral,0.015,hard,0.015,0.015,0.015,True,True,"{""0.2"": 0.036113846388479, ""0.25"": 0.036123563940285326, ""0.3"": 0.036135120024098126, ""0.35"": 0.036148783836558174, ""0.4"": 0.03616488960195701}","{""0.2"": 0.016358711109784027, ""0.25"": 0.017082469024714914, ""0.3"": 0.017940951555268397, ""0.35"": 0.018934124693293405, ""0.4"": 0.02006352856370471}",5.104321347801366e-05,0.03613724075827553,0.001366709883995877,True,0.036148783836558174,206712242436079.66,6.179075441012662,"{""O1"": 7511304006709.125, ""O2"": 10076111028224.0, ""O3a"": 7511304006709.125, ""O3b"": -99288424573.4375, ""O3c"": -49644212286.71875, ""V1"": -533865120501194.1, ""V2"": 716398125154304.0, ""f2"": -634457499094.4911, ""f3"": -640638441528.9741, ""f4"": 504547318811.15533}",claim,equilateral_or_squeezed_hard_K_le_0.06
squeezed_q0.001_K0.020,squeezed,0.02,hard,2.9985007496251875e-05,0.029985007496251874,0.029985007496251874,True,True,"{""0.2"": 0.058814648443679556, ""0.25"": 0.05882796817311752, ""0.3"": 0.058844451046068856, ""0.35"": 0.05886452494286938, ""0.4"": 0.05888873063204601}","{""0.2"": 0.03270107168372415, ""0.25"": 0.034147864117369, ""0.3"": 0.03586397112497207, ""0.35"": 0.03784932472422233, ""0.4"": 0.04010700362559411}",7.408218836645747e-05,0.058848064647556264,0.001168689031978354,True,0.05886452494286938,6.919882323065717e+21,2.8433468786636436,"{""O1"": 9.4028694970163e+19, ""O2"": 1.873914634057443e+20, ""O3a"": 343574213446584.0, ""O3b"": -9969897410960.0, ""O3c"": -5954190571904.0, ""V1"": -6.351811183419819e+21, ""V2"": 1.3016333506311774e+22, ""f2"": -2.6060470943367315e+19, ""f3"": -70184183560476.55, ""f4"": 55275281321023.25}",claim,equilateral_or_squeezed_hard_K_le_0.06
equilateral_K0.020,equilateral,0.02,hard,0.02,0.02,0.02,True,True,"{""0.2"": 0.0369400592220808, ""0.25"": 0.036957322819386136, ""0.3"": 0.036977852580220405, ""0.35"": 0.037002126018083, ""0.4"": 0.03703073677465195}","{""0.2"": 0.021811614813045374, ""0.25"": 0.02277662536628655, ""0.3"": 0.023921268740357868, ""0.35"": 0.025245499591057874, ""0.4"": 0.026751371418272947}",9.06775525711459e-05,0.036981619482884455,0.0023693376231252454,True,0.037002126018083,34514287841202.07,6.346977048812509,"{""O1"": 1308783773676.1875, ""O2"": 1747088105472.0, ""O3a"": 1308783773676.1875, ""O3b"": -28262792317.0, ""O3c"": -14131396158.507812, ""V1"": -91861396867319.72, ""V2"": 122276871911424.0, ""f2"": -183985162567.91684, ""f3"": -185776253144.89795, ""f4"": 146312748461.7401}",claim,equilateral_or_squeezed_hard_K_le_0.06
squeezed_q0.001_K0.025,squeezed,0.025,hard,3.7481259370314854e-05,0.03748125937031485,0.03748125937031485,True,True,"{""0.2"": 0.05898170518225379, ""0.25"": 0.05900248608420049, ""0.3"": 0.05902820345564631, ""0.35"": 0.05905952410986574, ""0.4"": 0.059097290824184814}","{""0.2"": 0.040876339604652465, ""0.25"": 0.04268483014670841, ""0.3"": 0.0448299639062121, ""0.35"": 0.047311655905274766, ""0.4"": 0.050133754531989295}",0.00011558564193102361,0.05903384193123022,0.0018163925016273703,True,0.05905952410986574,1.7165737603860778e+21,2.9935294756219735,"{""O1"": 2.550183292527811e+19, ""O2"": 4.9098965327754035e+19, ""O3a"": 94116439275504.0, ""O3b"": -3820037554538.0, ""O3c"": -2284252648114.0, ""V1"": -1.700952301611531e+21, ""V2"": 3.3529930408669605e+21, ""f2"": -1.006785937511636e+19, ""f3"": -27113511380175.562, ""f4"": 21354095118567.22}",claim,equilateral_or_squeezed_hard_K_le_0.06
equilateral_K0.025,equilateral,0.025,hard,0.025,0.025,0.025,True,True,"{""0.2"": 0.03490217418097048, ""0.25"": 0.034929114003994934, ""0.3"": 0.0349611497426922, ""0.35"": 0.03499902595961168, ""0.4"": 0.035043668119512074}","{""0.2"": 0.027264518516306718, ""0.25"": 0.02847078170785819, ""0.3"": 0.029901585925447335, ""0.35"": 0.03155687448882234, ""0.4"": 0.03343921427284118}",0.00014149393854159115,0.03496702640135628,0.003913820049234335,True,0.03499902595961168,7991017361473.838,7.050261427152646,"{""O1"": 344411923509.5703, ""O2"": 448704246272.0, ""O3a"": 344411923509.5781, ""O3b"": -10706009194.890625, ""O3c"": -5353004597.4453125, ""V1"": -24016390929853.383, ""V2"": 30971401061376.0, ""f2"": -70368833821.33652, ""f3"": -71053275449.08163, ""f4"": 55960259722.82714}",claim,equilateral_or_squeezed_hard_K_le_0.06
squeezed_q0.001_K0.030,squeezed,0.03,hard,4.497751124437781e-05,0.044977511244377814,0.044977511244377814,True,True,"{""0.2"": 0.05877917943039508, ""0.25"": 0.058809059122799566, ""0.3"": 0.05884603885263392, ""0.35"": 0.05889107633854159, ""0.4"": 0.0589453820833281}","{""0.2"": 0.04905160752559168, ""0.25"": 0.0512217961760592, ""0.3"": 0.053795956687464085, ""0.35"": 0.056773987086339815, ""0.4"": 0.060160505438397856}",0.0001662026529330174,0.05885414716553965,0.002618944475269592,True,0.05889107633854159,5.4630790254401205e+20,3.1620296611949223,"{""O1"": 8.915741357324632e+18, ""O2"": 1.6542939149049528e+19, ""O3a"": 31744238590429.0, ""O3b"": -1746294114499.5, ""O3c"": -1045143447667.75, ""V1"": -5.859396710679249e+20, ""V2"": 1.1114161252016933e+21, ""f2"": -4.627258402018927e+18, ""f3"": -12461288246239.72, ""f4"": 9814375688801.117}",claim,equilateral_or_squeezed_hard_K_le_0.06
equilateral_K0.030,equilateral,0.03,hard,0.03,0.03,0.03,True,True,"{""0.2"": 0.03430790501288773, ""0.25"": 0.0343466605201236, ""0.3"": 0.03439274634863195, ""0.35"": 0.034447232847122346, ""0.4"": 0.0345114504722634}","{""0.2"": 0.032717422219568054, ""0.25"": 0.03416493804942983, ""0.3"": 0.035881903110536795, ""0.35"": 0.03786824938658681, ""0.4"": 0.04012705712740942}",0.00020354545937566887,0.034401199040205804,0.005719927553172643,True,0.034447232847122346,2489457892325.2515,7.484302518288306,"{""O1"": 115771000773.58594, ""O2"": 148771484288.0, ""O3a"": 115771000773.58594, ""O3b"": -4850749657.130859, ""O3c"": -2425374828.5664062, ""V1"": -7999463519597.414, ""V2"": 10154836952704.0, ""f2"": -32073872508.162666, ""f3"": -32385523597.38983, ""f4"": 25506493974.743237}",claim,equilateral_or_squeezed_hard_K_le_0.06
squeezed_q0.001_K0.035,squeezed,0.035,hard,5.2473763118440784e-05,0.052473763118440785,0.052473763118440785,True,True,"{""0.2"": 0.0583911340416641, ""0.25"": 0.05843174271174651, ""0.3"": 0.05848200391286024, ""0.35"": 0.05854321777276893, ""0.4"": 0.05861702784187669}","{""0.2"": 0.05722687544651999, ""0.25"": 0.05975876220539861, ""0.3"": 0.06276194946870411, ""0.35"": 0.06623631826739224, ""0.4"": 0.07018725634479304}",0.00022589380021258848,0.05849302525618329,0.0035808706091727174,True,0.05854321777276893,2.0676304616727452e+20,3.3419496608367463,"{""O1"": 3.7113479476006093e+18, ""O2"": 6.634977377791246e+18, ""O3a"": 12868626471286.5, ""O3b"": -901702996681.25, ""O3c"": -539955732375.25, ""V1"": -2.3971639012819796e+20, ""V2"": 4.385310258098539e+20, ""f2"": -2.3979248951567196e+18, ""f3"": -6457497108195.985, ""f4"": 5085912801792.706}",claim,equilateral_or_squeezed_hard_K_le_0.06
equilateral_K0.035,equilateral,0.035,hard,0.035,0.035,0.035,True,True,"{""0.2"": 0.031924961969323554, ""0.25"": 0.0319776418794559, ""0.3"": 0.03204028425195419, ""0.35"": 0.032114342826854936, ""0.4"": 0.032201624817427645}","{""0.2"": 0.03817032592282941, ""0.25"": 0.039859094391001465, ""0.3"": 0.04186222029562627, ""0.35"": 0.044179624284351286, ""0.4"": 0.04681489998197766}",0.00027666284810409086,0.03205177114900325,0.00834997142034847,True,0.032114342826854936,877253231592.1447,8.388373619273809,"{""O1"": 46716334341.13672, ""O2"": 58565301904.0, ""O3a"": 46716334341.13867, ""O3b"": -2485740680.930664, ""O3c"": -1242870340.465332, ""V1"": -3203845409600.9785, ""V2"": 3952869834592.0, ""f2"": -16501569957.427406, ""f3"": -16661726279.246986, ""f4"": 13122743272.91815}",claim,equilateral_or_squeezed_hard_K_le_0.06
squeezed_q0.001_K0.040,squeezed,0.04,hard,5.997001499250375e-05,0.05997001499250375,0.05997001499250375,True,True,"{""0.2"": 0.05790773179913897, ""0.25"": 0.05796069227551196, ""0.3"": 0.058026245347371955, ""0.35"": 0.058106084779109, ""0.4"": 0.058202351900763914}","{""0.2"": 0.0654021433674483, ""0.25"": 0.068295728234738, ""0.3"": 0.07172794224994414, ""0.35"": 0.07569864944844466, ""0.4"": 0.08021400725118823}",0.00029462010162494695,0.05804062122037915,0.004706026833803399,True,0.058106084779109,8.890064106490577e+19,3.530169420741328,"{""O1"": 1.7545472364147507e+18, ""O2"": 3.024490443778818e+18, ""O3a"": 6057603807923.0, ""O3b"": -508907245128.25, ""O3c"": -304843475002.5625, ""V1"": -1.111100319003341e+20, ""V2"": 1.965884362027759e+20, ""f2"": -1.3568053855640758e+18, ""f3"": -3653713811703.717, ""f4"": 2877695176896.316}",claim,equilateral_or_squeezed_hard_K_le_0.06
equilateral_K0.040,equilateral,0.04,hard,0.04,0.04,0.04,True,True,"{""0.2"": 0.030655581882706114, ""0.25"": 0.030724312574345262, ""0.3"": 0.030806040033486602, ""0.35"": 0.030902659687979263, ""0.4"": 0.031016527939174744}","{""0.2"": 0.04362322962609075, ""0.25"": 0.0455532507325731, ""0.3"": 0.047842537480715736, ""0.35"": 0.05049099918211575, ""0.4"": 0.053502742836545894}",0.00036094605646862926,0.030821024423538394,0.011322599929631002,True,0.030902659687979263,363389280966.78345,9.077290517448924,"{""O1"": 21314824777.03418, ""O2"": 26264028072.0, ""O3a"": 21314824777.03418, ""O3b"": -1393556979.6381836, ""O3c"": -696778489.8190918, ""V1"": -1446863679698.4897, ""V2"": 1754717565968.0, ""f2"": -9278223511.155533, ""f3"": -9368157968.688677, ""f4"": 7378434020.506315}",claim,equilateral_or_squeezed_hard_K_le_0.06
squeezed_q0.001_K0.045,squeezed,0.045,hard,6.746626686656672e-05,0.06746626686656672,0.06746626686656672,True,True,"{""0.2"": 0.05726029115891706, ""0.25"": 0.057327218906848075, ""0.3"": 0.05741006559599249, ""0.35"": 0.057510969419659365, ""0.4"": 0.05763263390485188}","{""0.2"": 0.07357741128838752, ""0.25"": 0.0768326942640888, ""0.3"": 0.08069393503119612, ""0.35"": 0.0851609806295097, ""0.4"": 0.09024075815759677}",0.0003723427459348186,0.05742823579725377,0.00601070000092629,True,0.057510969419659365,4.207117802899015e+19,3.7335927198126693,"{""O1"": 9.145861748451246e+17, ""O2"": 1.5205361626015334e+18, ""O3a"": 3118727628417.5, ""O3b"": -307348085762.3125, ""O3c"": -184152992797.71875, ""V1"": -5.668164988631017e+19, ""V2"": 9.713878381837995e+19, ""f2"": -8.210803981783465e+17, ""f3"": -2211005502014.49, ""f4"": 1741431014575.6775}",claim,equilateral_or_squeezed_hard_K_le_0.06
equilateral_K0.045,equilateral,0.045,hard,0.045,0.045,0.045,True,True,"{""0.2"": 0.02876695074747483, ""0.25"": 0.02885383174342296, ""0.3"": 0.02895714003242504, ""0.35"": 0.02907927009582532, ""0.4"": 0.029223198926942705}","{""0.2"": 0.04907613332935209, ""0.25"": 0.051247407074144734, ""0.3"": 0.05382285466580519, ""0.35"": 0.056802374079880216, ""0.4"": 0.06019058569111412}",0.00045624817946787397,0.028976078309218174,0.015215926788881725,True,0.02907927009582532,162577285435.4377,10.037604316463415,"{""O1"": 10753494284.67871, ""O2"": 12981343756.0, ""O3a"": 10753494284.67871, ""O3b"": -836685868.3205566, ""O3c"": -418342934.1602783, ""V1"": -722179306081.373, ""V2"": 858303620132.0, ""f2"": -5583106377.704394, ""f3"": -5637147043.54999, ""f4"": 4439921283.188554}",claim,equilateral_or_squeezed_hard_K_le_0.06
squeezed_q0.001_K0.050,squeezed,0.05,hard,7.496251874062971e-05,0.0749625187406297,0.0749625187406297,True,True,"{""0.2"": 0.056538173964732166, ""0.25"": 0.0566206771076974, ""0.3"": 0.05672281054128082, ""0.35"": 0.05684720735890147, ""0.4"": 0.056997197186209374}","{""0.2"": 0.08175267920931582, ""0.25"": 0.0853696602934282, ""0.3"": 0.08965992781243615, ""0.35"": 0.09462331181056213, ""0.4"": 0.10026750906399197}",0.0004590232214772075,0.05674521323176425,0.007498819820745713,True,0.05684720735890147,2.1494477759523516e+19,3.9478067516520703,"{""O1"": 5.1453178078530765e+17, ""O2"": 8.260310819993027e+17, ""O3a"": 1756019959434.5, ""O3b"": -195815930226.3125, ""O3c"": -117346531003.10938, ""V1"": -3.1156821711225307e+19, ""V2"": 5.183469536084912e+19, ""f2"": -5.2395989611768435e+17, ""f3"": -1410873887290.667, ""f4"": 1111249173766.7886}",claim,equilateral_or_squeezed_hard_K_le_0.06
equilateral_K0.050,equilateral,0.05,hard,0.05,0.05,0.05,True,True,"{""0.2"": 0.025586067192504496, ""0.25"": 0.025693168515102727, ""0.3"": 0.025820517262513876, ""0.35"": 0.02597106345715573, ""0.4"": 0.02614847493256553}","{""0.2"": 0.054529037032613435, ""0.25"": 0.05694156341571638, ""0.3"": 0.05980317185089467, ""0.35"": 0.06311374897764468, ""0.4"": 0.06687842854568236}",0.0005624077400610342,0.025843858271968473,0.021021507300667354,True,0.02597106345715573,74665220054.8848,11.697509489935756,"{""O1"": 5889685883.943359, ""O2"": 6920835091.0, ""O3a"": 5889685883.943359, ""O3b"": -530225325.4967041, ""O3c"": -265112662.74835205, ""V1"": -391447445231.9436, ""V2"": 452512262498.0, ""f2"": -3544456113.9611793, ""f3"": -3578710718.485933, ""f4"": 2818700750.633854}",claim,equilateral_or_squeezed_hard_K_le_0.06
squeezed_q0.001_K0.055,squeezed,0.055,hard,8.245877061469267e-05,0.08245877061469266,0.08245877061469266,True,True,"{""0.2"": 0.055615358947770664, ""0.25"": 0.055715038301354984, ""0.3"": 0.055838443041053294, ""0.35"": 0.05598875125552648, ""0.4"": 0.056169982223150026}","{""0.2"": 0.08992794713024414, ""0.25"": 0.09390662632276761, ""0.3"": 0.09862592059367617, ""0.35"": 0.10408564299161457, ""0.4"": 0.11029425997038715}",0.0005546232753793623,0.055865514753771085,0.009204103703734293,True,0.05598875125552648,1.1653721096188537e+19,4.185071213848363,"{""O1"": 3.0807054090254746e+17, ""O2"": 4.777376257723597e+17, ""O3a"": 1023557653862.8125, ""O3b"": -130247489968.78125, ""O3c"": -78066626845.42188, ""V1"": -1.8209949463818306e+19, ""V2"": 2.9426876964598186e+19, ""f2"": -3.4901518694623155e+17, ""f3"": -939765092551.8713, ""f4"": 740201537925.3425}",claim,equilateral_or_squeezed_hard_K_le_0.06
equilateral_K0.055,equilateral,0.055,hard,0.055,0.055,0.055,True,True,"{""0.2"": 0.024445003225384992, ""0.25"": 0.024574459513742753, ""0.3"": 0.024728388773254634, ""0.35"": 0.02491035509183953, ""0.4"": 0.025124790264163213}","{""0.2"": 0.059981940735874775, ""0.25"": 0.06263571975728802, ""0.3"": 0.06578348903598413, ""0.35"": 0.06942512387540915, ""0.4"": 0.0735662714002506}",0.0006797870387782214,0.024756599373677024,0.02647077718541973,True,0.02491035509183953,39242382901.79185,12.647412970947055,"{""O1"": 3407016271.7872314, ""O2"": 3942728173.0, ""O3a"": 3407016271.7871094, ""O3b"": -351025529.1564331, ""O3c"": -175512764.57821655, ""V1"": -223286680793.21277, ""V2"": 255152832808.0, ""f2"": -2350113468.310088, ""f3"": -2372787255.3431716, ""f4"": 1868909187.8181815}",claim,equilateral_or_squeezed_hard_K_le_0.06
squeezed_q0.001_K0.060,squeezed,0.06,hard,8.995502248875562e-05,0.08995502248875563,0.08995502248875563,True,True,"{""0.2"": 0.05463081252321817, ""0.25"": 0.054749261604259206, ""0.3"": 0.05489591367669949, ""0.35"": 0.055074541608155336, ""0.4"": 0.05528991744503115}","{""0.2"": 0.09810321505118336, ""0.25"": 0.1024435923521184, ""0.3"": 0.10759191337492817, ""0.35"": 0.11354797417267963, ""0.4"": 0.12032101087679571}",0.0006591049218129807,0.05492808937147268,0.01112520940731032,True,0.055074541608155336,6.647901750791635e+18,4.436501374764836,"{""O1"": 1.939747372949504e+17, ""O2"": 2.910189922843361e+17, ""O3a"": 633916293954.0625, ""O3b"": -89784597914.9375, ""O3c"": -53820939828.0625, ""V1"": -1.1181877287857e+19, ""V2"": 1.7585668629381251e+19, ""f2"": -2.4088367290230093e+17, ""f3"": -648583666830.3253, ""f4"": 510863308910.36816}",claim,equilateral_or_squeezed_hard_K_le_0.06
equilateral_K0.060,equilateral,0.06,hard,0.06,0.06,0.06,True,True,"{""0.2"": 0.02175066249324233, ""0.25"": 0.02190451533164362, ""0.3"": 0.02208745046063604, ""0.35"": 0.0223037017322976, ""0.4"": 0.022558534164967278}","{""0.2"": 0.06543484443913611, ""0.25"": 0.06832987609885965, ""0.3"": 0.07176380622107359, ""0.35"": 0.07573649877317362, ""0.4"": 0.08025411425481883}",0.0008078716717249482,0.022120972836557375,0.03512149250947525,True,0.0223037017322976,20289409762.064632,14.660641054536015,"{""O1"": 2086989954.0627441, ""O2"": 2360772658.0, ""O3a"": 2086989954.0628662, ""O3b"": -240924176.2633667, ""O3c"": -120462088.13168335, ""V1"": -134976098103.84564, ""V2"": 151053459912.5, ""f2"": -1615066977.745114, ""f3"": -1630620637.9961436, ""f4"": 1284369267.4209714}",claim,equilateral_or_squeezed_hard_K_le_0.06
