shape_id,family,K,band,k1,k2,k3,frozen_hard_all,frozen_prov_all,fNL_by_surface,x_S_by_surface,fNL_spread,fNL_mean,B_spread_rel,passed_GS,fNL_ref035,B_total_ref035,cancellation_factor_ref035,B_pieces_ref035,disposition,flag_reason
folded_delta0.01_K0.010,folded,0.01,hard,0.007537688442211055,0.007537688442211055,0.014924623115577889,True,True,"{""0.2"": 0.08986485244530107, ""0.25"": 0.08986773911880827, ""0.3"": 0.08987110373180031, ""0.35"": 0.08987501984678457, ""0.4"": 0.08987957790764771}","{""0.2"": 0.016276506531345207, ""0.25"": 0.0169966274718293, ""0.3"": 0.017850796019817313, ""0.35"": 0.01883897833805339, ""0.4"": 0.019962706812131126}",1.4725462346640295e-05,0.08987165861006839,0.00014941833966337835,True,0.08987501984678457,1.606982564301734e+16,1.602174546570061,"{""O1"": 83889178405550.0, ""O2"": 273407024300032.0, ""O3a"": -4572593507307.375, ""O3b"": 128255821689.90625, ""O3c"": -177811213093.85938, ""V1"": -4827069703047854.0, ""V2"": 2.055065714085069e+16, ""f2"": -6391604021361.731, ""f3"": -208273232334.07928, ""f4"": 164028661331.49646}",flagged,diagnostic_folded_decision_A;flat_limit
folded_delta0.01_K0.015,folded,0.015,hard,0.011306532663316583,0.011306532663316583,0.022386934673366835,True,True,"{""0.2"": 0.09189693599598821, ""0.25"": 0.09190342292344185, ""0.3"": 0.09191098278008315, ""0.35"": 0.09191978044560571, ""0.4"": 0.09193001882129917}","{""0.2"": 0.024414759797017807, ""0.25"": 0.02549494120774395, ""0.3"": 0.026776194029725968, ""0.35"": 0.028258467507080085, ""0.4"": 0.029944060218196688}",3.308282531096218e-05,0.09191222819328362,0.0003274502963289902,True,0.09191978044560571,1280949840596430.8,1.668897079191328,"{""O1"": 7339165898196.0, ""O2"": 22923149770752.0, ""O3a"": -391138081462.78906, ""O3b"": 22645933640.152344, ""O3c"": -31038889198.76953, ""V1"": -426832742002197.0, ""V2"": 1679047937458176.0, ""f2"": -1120386096717.8276, ""f3"": -36498413198.60423, ""f4"": 28745018441.415108}",flagged,diagnostic_folded_decision_A;flat_limit
folded_delta0.01_K0.020,folded,0.02,hard,0.01507537688442211,0.01507537688442211,0.029849246231155778,True,True,"{""0.2"": 0.09140076226599912, ""0.25"": 0.09141228322918639, ""0.3"": 0.09142570874252287, ""0.35"": 0.09144133119557324, ""0.4"": 0.09145951025480682}","{""0.2"": 0.032553013062690414, ""0.25"": 0.0339932549436586, ""0.3"": 0.035701592039634626, ""0.35"": 0.03767795667610678, ""0.4"": 0.03992541362426225}",5.874798880770027e-05,0.09142791913761769,0.000584734527102612,True,0.09144133119557324,208080648756132.34,1.7768299689860327,"{""O1"": 1352981732951.5, ""O2"": 3950067189760.0, ""O3a"": -54747149865.0, ""O3b"": 6589513705.260742, ""O3c"": -8991123477.836426, ""V1"": -80422150323460.66, ""V2"": 283584311209984.0, ""f2"": -325162527288.3481, ""f3"": -10590835818.075943, ""f4"": 8341069641.476215}",flagged,diagnostic_folded_decision_A;flat_limit
folded_delta0.01_K0.025,folded,0.025,hard,0.01884422110552764,0.01884422110552764,0.037311557788944724,True,True,"{""0.2"": 0.0931815675530828, ""0.25"": 0.09319954445081302, ""0.3"": 0.09322049170362703, ""0.35"": 0.09324486482709281, ""0.4"": 0.09327322417414453}","{""0.2"": 0.040691266328352106, ""0.25"": 0.042491568679561866, ""0.3"": 0.04462699004953132, ""0.35"": 0.04709744584512085, ""0.4"": 0.049906767030314436}",9.165662106173922e-05,0.09322393854175204,0.0008927050169547834,True,0.09324486482709281,51978317637580.484,1.8291955209587287,"{""O1"": 359652407865.5469, ""O2"": 1020378960896.0, ""O3a"": -17474631267.418457, ""O3b"": 2527874984.1049805, ""O3c"": -3439737575.010376, ""V1"": -21400687358280.234, ""V2"": 72142660701696.0, ""f2"": -124439721758.58209, ""f3"": -4052637144.6670156, ""f4"": 3191778164.742756}",flagged,diagnostic_folded_decision_A;flat_limit
folded_delta0.01_K0.030,folded,0.03,hard,0.022613065326633167,0.022613065326633167,0.04477386934673367,True,True,"{""0.2"": 0.09281265555547234, ""0.25"": 0.09283851389423993, ""0.3"": 0.09286864405000127, ""0.35"": 0.0929037003663499, ""0.4"": 0.09294448778424652}","{""0.2"": 0.04882951959402471, ""0.25"": 0.050989882415476515, ""0.3"": 0.05355238805943998, ""0.35"": 0.05651693501414755, ""0.4"": 0.059888120436380005}",0.00013183222877417855,0.09287360033006199,0.0012889166414911662,True,0.0929037003663499,16401280436383.436,1.9262448382909427,"{""O1"": 125597726119.92188, ""O2"": 337850849152.0, ""O3a"": -5674334305.701172, ""O3b"": 1153594219.097046, ""O3c"": -1567441836.5308228, ""V1"": -7529965929294.777, ""V2"": 23531023572480.0, ""f2"": -56745088117.95881, ""f3"": -1847879226.2227747, ""f4"": 1455367193.6066144}",flagged,diagnostic_folded_decision_A;flat_limit
folded_delta0.01_K0.035,folded,0.035,hard,0.026381909547738697,0.026381909547738697,0.05223618090452262,True,True,"{""0.2"": 0.09391378153059037, ""0.25"": 0.09394893041367082, ""0.3"": 0.09398988502448037, ""0.35"": 0.09403753359584241, ""0.4"": 0.09409296883218478}","{""0.2"": 0.05696777285969731, ""0.25"": 0.05948819615139117, ""0.3"": 0.06247778606934864, ""0.35"": 0.06593642418317425, ""0.4"": 0.06986947384244557}",0.00017918730159441343,0.09399661987935375,0.0017282156595450889,True,0.09403753359584241,6277644730948.523,1.9875091552446962,"{""O1"": 51356468443.958984, ""O2"": 133745054560.0, ""O3a"": -2697504158.564392, ""O3b"": 594011554.8130188, ""O3c"": -806293673.857193, ""V1"": -3065956246523.0996, ""V2"": 9190816017472.0, ""f2"": -29204781273.926064, ""f3"": -950996963.201593, ""f4"": 749001510.3991979}",flagged,diagnostic_folded_decision_A;flat_limit
folded_delta0.01_K0.040,folded,0.04,hard,0.03015075376884422,0.03015075376884422,0.059698492462311556,True,True,"{""0.2"": 0.09341994268763257, ""0.25"": 0.09346579948156436, ""0.3"": 0.09351923100026804, ""0.35"": 0.0935813947100844, ""0.4"": 0.09365371452549973}","{""0.2"": 0.06510602612536992, ""0.25"": 0.06798650988730583, ""0.3"": 0.07140318407925729, ""0.35"": 0.07535591335220095, ""0.4"": 0.07985082724851113}",0.00023377183786715827,0.09352801648100983,0.002266188595140011,True,0.0935813947100844,2690028864209.5034,2.0859384935779346,"{""O1"": 24185960361.04785, ""O2"": 60007088272.0, ""O3a"": -1258354064.0917358, ""O3b"": 334000301.459671, ""O3c"": -453105984.48638916, ""V1"": -1441931516006.003, ""V2"": 4065683518256.0, ""f2"": -16425129674.881174, ""f3"": -534840510.95310116, ""f4"": 421243259.41149414}",flagged,diagnostic_folded_decision_A;flat_limit
folded_delta0.01_K0.045,folded,0.045,hard,0.03391959798994975,0.03391959798994975,0.06716080402010051,True,True,"{""0.2"": 0.09326513112905904, ""0.25"": 0.09332309899809897, ""0.3"": 0.09339064312780446, ""0.35"": 0.09346922502329875, ""0.4"": 0.09356064268744026}","{""0.2"": 0.07324427939104251, ""0.25"": 0.07648482362322047, ""0.3"": 0.08032858208916595, ""0.35"": 0.08477540252122763, ""0.4"": 0.08983218065457668}",0.00029551155838121457,0.0934017481931403,0.00286765830958432,True,0.09346922502329875,1277656123515.3723,2.176619254402985,"{""O1"": 12500121217.328125, ""O2"": 29735431848.0, ""O3a"": -681435508.7625427, ""O3b"": 200918580.59162903, ""O3c"": -272469896.9395828, ""V1"": -740495936863.7744, ""V2"": 1986623516784.0, ""f2"": -9885656287.460747, ""f3"": -321899160.0954007, ""f4"": 253532802.48537827}",flagged,diagnostic_folded_decision_A;flat_limit
folded_delta0.01_K0.050,folded,0.05,hard,0.03768844221105528,0.03768844221105528,0.07462311557788945,True,True,"{""0.2"": 0.09422901277373218, ""0.25"": 0.09430047931126445, ""0.3"": 0.09438375337650477, ""0.35"": 0.09448063476140174, ""0.4"": 0.09459333779485639}","{""0.2"": 0.08138253265671512, ""0.25"": 0.08498313735913512, ""0.3"": 0.0892539800990746, ""0.35"": 0.09419489169025433, ""0.4"": 0.09981353406064226}",0.00036432502112421217,0.09439744360355191,0.003492635082623152,True,0.09448063476140174,664173234255.6147,2.2382026874741565,"{""O1"": 6911374767.195557, ""O2"": 15965046010.0, ""O3a"": -434328116.4397583, ""O3b"": 127483181.40775299, ""O3c"": -172843985.01013565, ""V1"": -404102154410.9529, ""V2"": 1052198888792.0, ""f2"": -6276824956.698093, ""f3"": -204390332.75147444, ""f4"": 160983306.8637942}",flagged,diagnostic_folded_decision_A;flat_limit
folded_delta0.01_K0.055,folded,0.055,hard,0.0414572864321608,0.0414572864321608,0.08208542713567839,True,True,"{""0.2"": 0.09270551316597102, ""0.25"": 0.0927918985089764, ""0.3"": 0.0928925610654585, ""0.35"": 0.09300967426313121, ""0.4"": 0.09314591229289117}","{""0.2"": 0.08952078592238773, ""0.25"": 0.09348145109504977, ""0.3"": 0.09817937810898326, ""0.35"": 0.10361438085928101, ""0.4"": 0.10979488746670782}",0.00044039912692014904,0.09290911185928566,0.004294171932577511,True,0.09300967426313121,358265869316.8163,2.3669465342765608,"{""O1"": 4137522555.1728516, ""O2"": 9085931531.0, ""O3a"": -249098297.0548172, ""O3b"": 84430370.61411667, ""O3c"": -114471242.06788063, ""V1"": -240204035111.00305, ""V2"": 589716380082.0, ""f2"": -4162009210.9278746, ""f3"": -135530345.0469366, ""f4"": 106748984.12985721}",flagged,diagnostic_folded_decision_A;flat_limit
folded_delta0.01_K0.060,folded,0.06,hard,0.04522613065326633,0.04522613065326633,0.08954773869346734,True,True,"{""0.2"": 0.09264518847176424, ""0.25"": 0.09274786544996143, ""0.3"": 0.09286751713903135, ""0.35"": 0.09300672432510375, ""0.4"": 0.09316866267255983}","{""0.2"": 0.09765903918806033, ""0.25"": 0.10197976483096442, ""0.3"": 0.10710477611889192, ""0.35"": 0.11303387002830773, ""0.4"": 0.11977624087277339}",0.0005234742007955845,0.09288719161168413,0.0051025932378070665,True,0.09300672432510375,206874607682.1804,2.4574306616307786,"{""O1"": 2577294401.4102783, ""O2"": 5464649646.0, ""O3a"": -166182319.83590317, ""O3b"": 57957983.31364632, ""O3c"": -78582165.79505539, ""V1"": -147554288601.25513, ""V2"": 349454032692.0, ""f2"": -2860493388.7203736, ""f3"": -93151698.81748547, ""f4"": 73371133.88040555}",flagged,diagnostic_folded_decision_A;flat_limit
squeezed_q0.001_K0.072,squeezed,0.072,provisional,0.00010794602698650674,0.10794602698650674,0.10794602698650674,False,True,"{""0.2"": 0.05202504940187922, ""0.25"": 0.05219500391108954, ""0.3"": 0.05240546113622988, ""0.35"": 0.052661822518492406, ""0.4"": 0.05297092214086964}","{""0.2"": 0.11772385806141786, ""0.25"": 0.1229323108225398, ""0.3"": 0.12911029604991142, ""0.35"": 0.13625756900721303, ""0.4"": 0.14438521305215218}",0.0009458727389904178,0.052451651821712145,0.016717258510445334,True,0.052661822518492406,2.0305218414066834e+18,5.107141754224945,"{""O1"": 7.494479715176448e+16, ""O2"": 1.045308894127063e+17, ""O3a"": 240418778118.89062, ""O3b"": -41204312229.71875, ""O3c"": -24704439963.552734, ""V1"": -4.059006965894306e+18, ""V2"": 6.020866198277718e+18, ""f2"": -1.1081318871423389e+17, ""f3"": -298336265058.5012, ""f4"": 234999273281.32385}",flagged,provisional_K_report_only;K_gt_0.06_report_only;not_frozen_hard_all
equilateral_K0.072,equilateral,0.072,provisional,0.072,0.072,0.072,True,True,"{""0.2"": 0.01434499196103736, ""0.25"": 0.014565775767850344, ""0.3"": 0.014828285096980864, ""0.35"": 0.015138590342293593, ""0.4"": 0.015504242329899186}","{""0.2"": 0.07852181332696334, ""0.25"": 0.08199585131863157, ""0.3"": 0.08611656746528831, ""0.35"": 0.09088379852780834, ""0.4"": 0.0963049371057826}",0.0011592503688618253,0.01487637709961227,0.07381520331898533,False,0.015138590342293593,4359518167.698079,23.54957494284169,"{""O1"": 760308012.2077026, ""O2"": 813860705.5, ""O3a"": 760308012.2076721, ""O3b"": -109552758.98274231, ""O3c"": -54776379.491363525, ""V1"": -47508726551.527084, ""V2"": 50592173494.5, ""f2"": -736264788.0746361, ""f3"": -743320340.5180395, ""f4"": 585508761.876571}",flagged,provisional_K_report_only;K_gt_0.06_report_only;failed_GS_stability
folded_delta0.01_K0.072,folded,0.072,provisional,0.05427135678391959,0.05427135678391959,0.10745728643216078,False,True,"{""0.2"": 0.0926919319657667, ""0.25"": 0.09283933200480639, ""0.3"": 0.09301112286812668, ""0.35"": 0.0932110015089739, ""0.4"": 0.09344351797855414}","{""0.2"": 0.11719084702566802, ""0.25"": 0.12237571779715276, ""0.3"": 0.1285257313426655, ""0.35"": 0.13564064403396422, ""0.4"": 0.14373148904732272}",0.0007515860127874502,0.09303938126524557,0.007301688164771377,True,0.0932110015089739,65611540958.256134,2.671994797056269,"{""O1"": 970391609.8883667, ""O2"": 1906920562.875, ""O3a"": -73291922.8072052, ""O3b"": 26323386.954185486, ""O3c"": -35705145.918661594, ""V1"": -53395633411.1868, ""V2"": 117525530073.5, ""f2"": -1303977344.7435536, ""f3"": -42469729.86805673, ""f4"": 33452879.562856555}",flagged,diagnostic_folded_decision_A;flat_limit;provisional_K_report_only;K_gt_0.06_report_only;not_frozen_hard_all
squeezed_q0.001_K0.090,squeezed,0.09,provisional,0.00013493253373313344,0.13493253373313344,0.13493253373313344,False,True,"{""0.2"": 0.04731957659496002, ""0.25"": 0.04758370215856189, ""0.3"": 0.04791086296068022, ""0.35"": 0.048309428031286614, ""0.4"": 0.04878999173115563}","{""0.2"": 0.14715482257676413, ""0.25"": 0.15366538852816622, ""0.3"": 0.16138787006238028, ""0.35"": 0.1703219612590068, ""0.4"": 0.1804815163151802}",0.001470415136195606,0.047982712295328876,0.028379064782927656,True,0.048309428031286614,4.6144480676557376e+17,6.366164854626321,"{""O1"": 2.424955803408384e+16, ""O2"": 3.079197295640576e+16, ""O3a"": 74278139106.46484, ""O3b"": -15905078364.966797, ""O3c"": -9537869866.433594, ""V1"": -1.195193447642776e+18, ""V2"": 1.644497562733904e+18, ""f2"": -4.290086364326224e+16, ""f3"": -115478641365.64551, ""f4"": 90970669125.01227}",flagged,provisional_K_report_only;K_gt_0.06_report_only;not_frozen_hard_all
equilateral_K0.090,equilateral,0.09,provisional,0.09,0.09,0.09,True,True,"{""0.2"": 0.005089023976185, ""0.25"": 0.005432373881006386, ""0.3"": 0.005840611437146946, ""0.35"": 0.0063231718568449976, ""0.4"": 0.0068917972756375925}","{""0.2"": 0.09815226665870418, ""0.25"": 0.10249481414828947, ""0.3"": 0.10764570933161038, ""0.35"": 0.11360474815976043, ""0.4"": 0.12038117138222824}",0.0018027732994525926,0.005915395685364184,0.26039152983398345,False,0.0063231718568449976,446145177.01236093,63.525475339285784,"{""O1"": 226456973.04193115, ""O2"": 227100265.8125, ""O3a"": 226456973.04195404, ""O3b"": -41818495.56206131, ""O3c"": -20909247.781030655, ""V1"": -13318535717.059029, ""V2"": 13489680285.9375, ""f2"": -281889387.55674905, ""f3"": -284566783.554962, ""f4"": 224170310.69230735}",flagged,provisional_K_report_only;K_gt_0.06_report_only;failed_GS_stability
folded_delta0.01_K0.090,folded,0.09,provisional,0.0678391959798995,0.0678391959798995,0.13432160804020102,False,True,"{""0.2"": 0.08882101146441293, ""0.25"": 0.08905037732209779, ""0.3"": 0.08931777729805701, ""0.35"": 0.08962894942088001, ""0.4"": 0.08999095868001204}","{""0.2"": 0.14648855878208503, ""0.25"": 0.15296964724644094, ""0.3"": 0.1606571641783319, ""0.35"": 0.16955080504245526, ""0.4"": 0.17966436130915336}",0.0011699472155991125,0.08936181483709196,0.011846858325782354,True,0.08962894942088001,15443182032.131218,3.144303250960889,"{""O1"": 308360750.21543884, ""O2"": 536798072.46875, ""O3a"": -24506263.530511856, ""O3b"": 10002589.363134384, ""O3c"": -13584722.639522433, ""V1"": -16004017411.138878, ""V2"": 31132645327.875, ""f2"": -499065367.0330456, ""f3"": -16258953.99792339, ""f4"": 12808010.548775062}",flagged,diagnostic_folded_decision_A;flat_limit;provisional_K_report_only;K_gt_0.06_report_only;not_frozen_hard_all
squeezed_q0.001_K0.119,squeezed,0.119,provisional,0.00017841079460269866,0.17841079460269865,0.17841079460269865,False,False,"{""0.2"": 0.03863359213685013, ""0.25"": 0.039091360465656096, ""0.3"": 0.039658655170970565, ""0.35"": 0.04034992186595697, ""0.4"": 0.041183465365206666}","{""0.2"": 0.19457137651817236, ""0.25"": 0.20317979149835982, ""0.3"": 0.21339062819359877, ""0.35"": 0.22520348210913868, ""0.4"": 0.2386366715723017}",0.002549873228356536,0.03978339900092809,0.058938313892829365,False,0.04034992186595697,6.7413803369752936e+16,9.256627611213522,"{""O1"": 6220994097850368.0, ""O2"": 7047151699623936.0, ""O3a"": 18333501904.176758, ""O3b"": -4846471564.356445, ""O3c"": -2906744290.879883, ""V1"": -2.6518169206577178e+17, ""V2"": 3.324509465553142e+17, ""f2"": -1.3123600008315312e+16, ""f3"": -35312507761.571976, ""f4"": 27823273253.907555}",flagged,provisional_K_report_only;K_gt_0.06_report_only;not_frozen_hard_all;failed_GS_stability
equilateral_K0.119,equilateral,0.119,provisional,0.119,0.119,0.119,False,True,"{""0.2"": -0.013000640175644443, ""0.25"": -0.012405206495681496, ""0.3"": -0.011697216098825259, ""0.35"": -0.010860293496068688, ""0.4"": -0.009874037584439246}","{""0.2"": 0.12977910813761995, ""0.25"": 0.13552092092940496, ""0.3"": 0.1423315490051293, ""0.35"": 0.15021072256679435, ""0.4"": 0.159170659938724}",0.003126602591205197,-0.011567478770131825,0.24263314885929113,False,-0.010860293496068688,-132219782.51578987,44.185916596986786,"{""O1"": 52696771.91886139, ""O2"": 48056787.0546875, ""O3a"": 52696771.91886139, ""O3b"": -12568695.519805908, ""O3c"": -6284347.759902954, ""V1"": -2797489496.9255657, ""V2"": 2633930482.1601562, ""f2"": -85050120.45243901, ""f3"": -85843371.95739283, ""f4"": 67635437.04675001}",flagged,provisional_K_report_only;K_gt_0.06_report_only;not_frozen_hard_all;failed_GS_stability
folded_delta0.01_K0.119,folded,0.119,provisional,0.08969849246231155,0.08969849246231155,0.17760301507537687,False,False,"{""0.2"": 0.08229612739108053, ""0.25"": 0.08269443239803885, ""0.3"": 0.0831590775893773, ""0.35"": 0.08369999760333083, ""0.4"": 0.08432943470049022}","{""0.2"": 0.19369042772298395, ""0.25"": 0.20225986691474365, ""0.3"": 0.21242447263579972, ""0.35"": 0.22418384222280757, ""0.4"": 0.237556211064331}",0.0020333073094096904,0.08323581393646354,0.02211324723106939,True,0.08369999760333083,2482409732.5461454,4.0319411374001355,"{""O1"": 76866856.47712708, ""O2"": 115494476.390625, ""O3a"": -6722405.956687331, ""O3b"": 2971641.9158827066, ""O3c"": -4048004.3438853323, ""V1"": -3597191915.6521454, ""V2"": 6046474129.765625, ""f2"": -150395090.04914, ""f3"": -4902677.992704807, ""f4"": 3862721.991448571}",flagged,diagnostic_folded_decision_A;flat_limit;provisional_K_report_only;K_gt_0.06_report_only;not_frozen_hard_all
