shape_id,family,K,fNL_ref035,fNL_ieps_half,fNL_delta_tight,instrument_dev,delta_dev,cancellation_factor,sign_flip,passed_GS,frozen_hard_all,gflat_pass,gflat_reason,tol_instrument_dev,tol_delta_dev,tol_cancellation
folded_delta0.01_K0.010,folded,0.01,0.08987501984678457,0.2750084295974334,0.07589571191619017,0.6731917636912197,0.15554163942801663,1.602174546570061,False,True,True,False,flat_limit,0.1,0.1,50.0
folded_delta0.01_K0.015,folded,0.015,0.09191978044560571,0.2817857359319637,0.07751278142063227,0.6737954810182462,0.15673448038204252,1.668897079191328,False,True,True,False,flat_limit,0.1,0.1,50.0
folded_delta0.01_K0.020,folded,0.02,0.09144133119557324,0.2756155300399145,0.07880329034752265,0.6682286691815561,0.1382092832946685,1.7768299689860327,False,True,True,False,flat_limit,0.1,0.1,50.0
folded_delta0.01_K0.025,folded,0.025,0.09324486482709281,0.28493221653255085,0.07722755192653755,0.6727472029599697,0.17177689012962505,1.8291955209587287,False,True,True,False,flat_limit,0.1,0.1,50.0
folded_delta0.01_K0.030,folded,0.03,0.0929037003663499,0.28224578458706046,0.07993183043857048,0.6708411411625771,0.13962705335338704,1.9262448382909427,False,True,True,False,flat_limit,0.1,0.1,50.0
folded_delta0.01_K0.035,folded,0.035,0.09403753359584241,0.28941448410358084,0.08157507596964826,0.675076615853868,0.13252641950134195,1.9875091552446962,False,True,True,False,flat_limit,0.1,0.1,50.0
folded_delta0.01_K0.040,folded,0.04,0.0935813947100844,0.2875525952529717,0.0804869738687579,0.674559032834473,0.1399254721720389,2.0859384935779346,False,True,True,False,flat_limit,0.1,0.1,50.0
folded_delta0.01_K0.045,folded,0.045,0.09346922502329875,0.28836375531024394,0.08017021615649689,0.6758634769382257,0.14228222030820165,2.176619254402985,False,True,True,False,flat_limit,0.1,0.1,50.0
folded_delta0.01_K0.050,folded,0.05,0.09448063476140174,0.2965310950531162,0.0778622329062105,0.681380346487852,0.17589214866262068,2.2382026874741565,False,True,True,False,flat_limit,0.1,0.1,50.0
folded_delta0.01_K0.055,folded,0.055,0.09300967426313121,0.2899597056049991,0.07943021362009313,0.6792324158659662,0.14600051823233773,2.3669465342765608,False,True,True,False,flat_limit,0.1,0.1,50.0
folded_delta0.01_K0.060,folded,0.06,0.09300672432510375,0.2927358453558415,0.07958458050993411,0.6822844697681373,0.14431369250520765,2.4574306616307786,False,True,True,False,flat_limit,0.1,0.1,50.0
folded_delta0.01_K0.072,folded,0.072,0.0932110015089739,0.30203060450040475,0.07646099800602789,0.6913855744415166,0.17969985550829434,2.671994797056269,False,True,False,False,flat_limit,0.1,0.1,50.0
folded_delta0.01_K0.090,folded,0.09,0.08962894942088001,0.29506430647545395,0.07584987050555876,0.6962392690207139,0.15373469179714905,3.144303250960889,False,True,False,False,flat_limit,0.1,0.1,50.0
folded_delta0.01_K0.119,folded,0.119,0.08369999760333083,0.2882472753174089,0.06903976004294192,0.7096243233828906,0.17515218614301975,4.0319411374001355,False,True,False,False,flat_limit,0.1,0.1,50.0
