shape_id,family,K,band,k1,k2,k3,frozen_hard_all,frozen_prov_all,fNL_by_surface,x_S_by_surface,fNL_spread,fNL_mean,B_spread_rel,passed_GS,fNL_ref035,B_total_ref035,cancellation_factor_ref035,B_pieces_ref035
squeezed_q0.001_K0.010,squeezed,0.01,hard,1.4992503748125937e-05,0.014992503748125937,0.014992503748125937,True,True,"{""0.2"": 0.05731806419081862, ""0.25"": 0.05732140413143376, ""0.3"": 0.05732553679747097, ""0.35"": 0.05733056972270746, ""0.4"": 0.05733663878109422}","{""0.2"": 0.01635053584186753, ""0.25"": 0.017073932058690195, ""0.3"": 0.017931985562492016, ""0.35"": 0.018924662362117477, ""0.4"": 0.020053501812803746}",1.85745902755996e-05,0.05732644272470501,0.000301608703245126,True,0.05733056972270746,5.1552771725829305e+23,2.5685345504993187,"{""O1"": 5.837527720026844e+21, ""O2"": 1.241113469489811e+22, ""O3a"": 2.175073951995187e+16, ""O3b"": -201241904236544.0, ""O3c"": -119133177446656.0, ""V1"": -4.0381316924909036e+23, ""V2"": 9.015905501654321e+23, ""f2"": -4.983472182167899e+20, ""f3"": -1342156115077666.5, ""f4"": 1057034783472826.8}"
equilateral_K0.010,equilateral,0.01,hard,0.01,0.01,0.01,True,True,"{""0.2"": 0.038202120559706135, ""0.25"": 0.03820644511676966, ""0.3"": 0.03821158810333379, ""0.35"": 0.038217669289041946, ""0.4"": 0.03822483763189648}","{""0.2"": 0.010905807406522687, ""0.25"": 0.011388312683143276, ""0.3"": 0.011960634370178934, ""0.35"": 0.012622749795528937, ""0.4"": 0.013375685709136474}",2.271707219034247e-05,0.0382125321401496,0.0005744220899405604,True,0.038217669289041946,2808494342159377.0,5.48087864463044,"{""O1"": 87380888239370.0, ""O2"": 120716036145152.0, ""O3a"": 87380888239370.0, ""O3b"": -592604330902.0, ""O3c"": -296302165451.0, ""V1"": -6284089494640504.0, ""V2"": 8802395956969472.0, ""f2"": -3623718125435.3467, ""f3"": -3659041411391.972, ""f4"": 2881733239697.2617}"
folded_delta0.01_K0.010,folded,0.01,hard,0.007537688442211055,0.007537688442211055,0.014924623115577889,True,True,"{""0.2"": 0.08986485244530107, ""0.25"": 0.08986773911880827, ""0.3"": 0.08987110373180031, ""0.35"": 0.08987501984678457, ""0.4"": 0.08987957790764771}","{""0.2"": 0.016276506531345207, ""0.25"": 0.0169966274718293, ""0.3"": 0.017850796019817313, ""0.35"": 0.01883897833805339, ""0.4"": 0.019962706812131126}",1.4725462346640295e-05,0.08987165861006839,0.00014941833966337835,True,0.08987501984678457,1.606982564301734e+16,1.602174546570061,"{""O1"": 83889178405550.0, ""O2"": 273407024300032.0, ""O3a"": -4572593507307.375, ""O3b"": 128255821689.90625, ""O3c"": -177811213093.85938, ""V1"": -4827069703047854.0, ""V2"": 2.055065714085069e+16, ""f2"": -6391604021361.731, ""f3"": -208273232334.07928, ""f4"": 164028661331.49646}"
squeezed_q0.001_K0.015,squeezed,0.015,hard,2.2488755622188906e-05,0.022488755622188907,0.022488755622188907,True,True,"{""0.2"": 0.05835016568620238, ""0.25"": 0.05835766928754268, ""0.3"": 0.058366954295291096, ""0.35"": 0.05837826204300608, ""0.4"": 0.05839189754423361}","{""0.2"": 0.02452580376279584, ""0.25"": 0.0256108980880296, ""0.3"": 0.026897978343732042, ""0.35"": 0.028386993543169908, ""0.4"": 0.030080252719198928}",4.1731858031225644e-05,0.058368989771255174,0.0006644210968265623,True,0.05837826204300608,4.155023525340304e+22,2.70060320411923,"{""O1"": 5.15981297854391e+20, ""O2"": 1.0633093619070334e+21, ""O3a"": 1909769577050624.0, ""O3b"": -34498017920608.0, ""O3c"": -20549359585472.0, ""V1"": -3.524147976140501e+22, ""V2"": 7.530117409754716e+22, ""f2"": -8.875154644677988e+19, ""f3"": -239023341556063.38, ""f4"": 188247389952619.5}"
equilateral_K0.015,equilateral,0.015,hard,0.015,0.015,0.015,True,True,"{""0.2"": 0.036113846388479, ""0.25"": 0.036123563940285326, ""0.3"": 0.036135120024098126, ""0.35"": 0.036148783836558174, ""0.4"": 0.03616488960195701}","{""0.2"": 0.016358711109784027, ""0.25"": 0.017082469024714914, ""0.3"": 0.017940951555268397, ""0.35"": 0.018934124693293405, ""0.4"": 0.02006352856370471}",5.104321347801366e-05,0.03613724075827553,0.001366709883995877,True,0.036148783836558174,206712242436079.66,6.179075441012662,"{""O1"": 7511304006709.125, ""O2"": 10076111028224.0, ""O3a"": 7511304006709.125, ""O3b"": -99288424573.4375, ""O3c"": -49644212286.71875, ""V1"": -533865120501194.1, ""V2"": 716398125154304.0, ""f2"": -634457499094.4911, ""f3"": -640638441528.9741, ""f4"": 504547318811.15533}"
folded_delta0.01_K0.015,folded,0.015,hard,0.011306532663316583,0.011306532663316583,0.022386934673366835,True,True,"{""0.2"": 0.09189693599598821, ""0.25"": 0.09190342292344185, ""0.3"": 0.09191098278008315, ""0.35"": 0.09191978044560571, ""0.4"": 0.09193001882129917}","{""0.2"": 0.024414759797017807, ""0.25"": 0.02549494120774395, ""0.3"": 0.026776194029725968, ""0.35"": 0.028258467507080085, ""0.4"": 0.029944060218196688}",3.308282531096218e-05,0.09191222819328362,0.0003274502963289902,True,0.09191978044560571,1280949840596430.8,1.668897079191328,"{""O1"": 7339165898196.0, ""O2"": 22923149770752.0, ""O3a"": -391138081462.78906, ""O3b"": 22645933640.152344, ""O3c"": -31038889198.76953, ""V1"": -426832742002197.0, ""V2"": 1679047937458176.0, ""f2"": -1120386096717.8276, ""f3"": -36498413198.60423, ""f4"": 28745018441.415108}"
squeezed_q0.001_K0.020,squeezed,0.02,hard,2.9985007496251875e-05,0.029985007496251874,0.029985007496251874,True,True,"{""0.2"": 0.058814648443679556, ""0.25"": 0.05882796817311752, ""0.3"": 0.058844451046068856, ""0.35"": 0.05886452494286938, ""0.4"": 0.05888873063204601}","{""0.2"": 0.03270107168372415, ""0.25"": 0.034147864117369, ""0.3"": 0.03586397112497207, ""0.35"": 0.03784932472422233, ""0.4"": 0.04010700362559411}",7.408218836645747e-05,0.058848064647556264,0.001168689031978354,True,0.05886452494286938,6.919882323065717e+21,2.8433468786636436,"{""O1"": 9.4028694970163e+19, ""O2"": 1.873914634057443e+20, ""O3a"": 343574213446584.0, ""O3b"": -9969897410960.0, ""O3c"": -5954190571904.0, ""V1"": -6.351811183419819e+21, ""V2"": 1.3016333506311774e+22, ""f2"": -2.6060470943367315e+19, ""f3"": -70184183560476.55, ""f4"": 55275281321023.25}"
equilateral_K0.020,equilateral,0.02,hard,0.02,0.02,0.02,True,True,"{""0.2"": 0.0369400592220808, ""0.25"": 0.036957322819386136, ""0.3"": 0.036977852580220405, ""0.35"": 0.037002126018083, ""0.4"": 0.03703073677465195}","{""0.2"": 0.021811614813045374, ""0.25"": 0.02277662536628655, ""0.3"": 0.023921268740357868, ""0.35"": 0.025245499591057874, ""0.4"": 0.026751371418272947}",9.06775525711459e-05,0.036981619482884455,0.0023693376231252454,True,0.037002126018083,34514287841202.07,6.346977048812509,"{""O1"": 1308783773676.1875, ""O2"": 1747088105472.0, ""O3a"": 1308783773676.1875, ""O3b"": -28262792317.0, ""O3c"": -14131396158.507812, ""V1"": -91861396867319.72, ""V2"": 122276871911424.0, ""f2"": -183985162567.91684, ""f3"": -185776253144.89795, ""f4"": 146312748461.7401}"
folded_delta0.01_K0.020,folded,0.02,hard,0.01507537688442211,0.01507537688442211,0.029849246231155778,True,True,"{""0.2"": 0.09140076226599912, ""0.25"": 0.09141228322918639, ""0.3"": 0.09142570874252287, ""0.35"": 0.09144133119557324, ""0.4"": 0.09145951025480682}","{""0.2"": 0.032553013062690414, ""0.25"": 0.0339932549436586, ""0.3"": 0.035701592039634626, ""0.35"": 0.03767795667610678, ""0.4"": 0.03992541362426225}",5.874798880770027e-05,0.09142791913761769,0.000584734527102612,True,0.09144133119557324,208080648756132.34,1.7768299689860327,"{""O1"": 1352981732951.5, ""O2"": 3950067189760.0, ""O3a"": -54747149865.0, ""O3b"": 6589513705.260742, ""O3c"": -8991123477.836426, ""V1"": -80422150323460.66, ""V2"": 283584311209984.0, ""f2"": -325162527288.3481, ""f3"": -10590835818.075943, ""f4"": 8341069641.476215}"
squeezed_q0.001_K0.025,squeezed,0.025,hard,3.7481259370314854e-05,0.03748125937031485,0.03748125937031485,True,True,"{""0.2"": 0.05898170518225379, ""0.25"": 0.05900248608420049, ""0.3"": 0.05902820345564631, ""0.35"": 0.05905952410986574, ""0.4"": 0.059097290824184814}","{""0.2"": 0.040876339604652465, ""0.25"": 0.04268483014670841, ""0.3"": 0.0448299639062121, ""0.35"": 0.047311655905274766, ""0.4"": 0.050133754531989295}",0.00011558564193102361,0.05903384193123022,0.0018163925016273703,True,0.05905952410986574,1.7165737603860778e+21,2.9935294756219735,"{""O1"": 2.550183292527811e+19, ""O2"": 4.9098965327754035e+19, ""O3a"": 94116439275504.0, ""O3b"": -3820037554538.0, ""O3c"": -2284252648114.0, ""V1"": -1.700952301611531e+21, ""V2"": 3.3529930408669605e+21, ""f2"": -1.006785937511636e+19, ""f3"": -27113511380175.562, ""f4"": 21354095118567.22}"
equilateral_K0.025,equilateral,0.025,hard,0.025,0.025,0.025,True,True,"{""0.2"": 0.03490217418097048, ""0.25"": 0.034929114003994934, ""0.3"": 0.0349611497426922, ""0.35"": 0.03499902595961168, ""0.4"": 0.035043668119512074}","{""0.2"": 0.027264518516306718, ""0.25"": 0.02847078170785819, ""0.3"": 0.029901585925447335, ""0.35"": 0.03155687448882234, ""0.4"": 0.03343921427284118}",0.00014149393854159115,0.03496702640135628,0.003913820049234335,True,0.03499902595961168,7991017361473.838,7.050261427152646,"{""O1"": 344411923509.5703, ""O2"": 448704246272.0, ""O3a"": 344411923509.5781, ""O3b"": -10706009194.890625, ""O3c"": -5353004597.4453125, ""V1"": -24016390929853.383, ""V2"": 30971401061376.0, ""f2"": -70368833821.33652, ""f3"": -71053275449.08163, ""f4"": 55960259722.82714}"
folded_delta0.01_K0.025,folded,0.025,hard,0.01884422110552764,0.01884422110552764,0.037311557788944724,True,True,"{""0.2"": 0.0931815675530828, ""0.25"": 0.09319954445081302, ""0.3"": 0.09322049170362703, ""0.35"": 0.09324486482709281, ""0.4"": 0.09327322417414453}","{""0.2"": 0.040691266328352106, ""0.25"": 0.042491568679561866, ""0.3"": 0.04462699004953132, ""0.35"": 0.04709744584512085, ""0.4"": 0.049906767030314436}",9.165662106173922e-05,0.09322393854175204,0.0008927050169547834,True,0.09324486482709281,51978317637580.484,1.8291955209587287,"{""O1"": 359652407865.5469, ""O2"": 1020378960896.0, ""O3a"": -17474631267.418457, ""O3b"": 2527874984.1049805, ""O3c"": -3439737575.010376, ""V1"": -21400687358280.234, ""V2"": 72142660701696.0, ""f2"": -124439721758.58209, ""f3"": -4052637144.6670156, ""f4"": 3191778164.742756}"
squeezed_q0.001_K0.030,squeezed,0.03,hard,4.497751124437781e-05,0.044977511244377814,0.044977511244377814,True,True,"{""0.2"": 0.05877917943039508, ""0.25"": 0.058809059122799566, ""0.3"": 0.05884603885263392, ""0.35"": 0.05889107633854159, ""0.4"": 0.0589453820833281}","{""0.2"": 0.04905160752559168, ""0.25"": 0.0512217961760592, ""0.3"": 0.053795956687464085, ""0.35"": 0.056773987086339815, ""0.4"": 0.060160505438397856}",0.0001662026529330174,0.05885414716553965,0.002618944475269592,True,0.05889107633854159,5.4630790254401205e+20,3.1620296611949223,"{""O1"": 8.915741357324632e+18, ""O2"": 1.6542939149049528e+19, ""O3a"": 31744238590429.0, ""O3b"": -1746294114499.5, ""O3c"": -1045143447667.75, ""V1"": -5.859396710679249e+20, ""V2"": 1.1114161252016933e+21, ""f2"": -4.627258402018927e+18, ""f3"": -12461288246239.72, ""f4"": 9814375688801.117}"
equilateral_K0.030,equilateral,0.03,hard,0.03,0.03,0.03,True,True,"{""0.2"": 0.03430790501288773, ""0.25"": 0.0343466605201236, ""0.3"": 0.03439274634863195, ""0.35"": 0.034447232847122346, ""0.4"": 0.0345114504722634}","{""0.2"": 0.032717422219568054, ""0.25"": 0.03416493804942983, ""0.3"": 0.035881903110536795, ""0.35"": 0.03786824938658681, ""0.4"": 0.04012705712740942}",0.00020354545937566887,0.034401199040205804,0.005719927553172643,True,0.034447232847122346,2489457892325.2515,7.484302518288306,"{""O1"": 115771000773.58594, ""O2"": 148771484288.0, ""O3a"": 115771000773.58594, ""O3b"": -4850749657.130859, ""O3c"": -2425374828.5664062, ""V1"": -7999463519597.414, ""V2"": 10154836952704.0, ""f2"": -32073872508.162666, ""f3"": -32385523597.38983, ""f4"": 25506493974.743237}"
folded_delta0.01_K0.030,folded,0.03,hard,0.022613065326633167,0.022613065326633167,0.04477386934673367,True,True,"{""0.2"": 0.09281265555547234, ""0.25"": 0.09283851389423993, ""0.3"": 0.09286864405000127, ""0.35"": 0.0929037003663499, ""0.4"": 0.09294448778424652}","{""0.2"": 0.04882951959402471, ""0.25"": 0.050989882415476515, ""0.3"": 0.05355238805943998, ""0.35"": 0.05651693501414755, ""0.4"": 0.059888120436380005}",0.00013183222877417855,0.09287360033006199,0.0012889166414911662,True,0.0929037003663499,16401280436383.436,1.9262448382909427,"{""O1"": 125597726119.92188, ""O2"": 337850849152.0, ""O3a"": -5674334305.701172, ""O3b"": 1153594219.097046, ""O3c"": -1567441836.5308228, ""V1"": -7529965929294.777, ""V2"": 23531023572480.0, ""f2"": -56745088117.95881, ""f3"": -1847879226.2227747, ""f4"": 1455367193.6066144}"
squeezed_q0.001_K0.035,squeezed,0.035,hard,5.2473763118440784e-05,0.052473763118440785,0.052473763118440785,True,True,"{""0.2"": 0.0583911340416641, ""0.25"": 0.05843174271174651, ""0.3"": 0.05848200391286024, ""0.35"": 0.05854321777276893, ""0.4"": 0.05861702784187669}","{""0.2"": 0.05722687544651999, ""0.25"": 0.05975876220539861, ""0.3"": 0.06276194946870411, ""0.35"": 0.06623631826739224, ""0.4"": 0.07018725634479304}",0.00022589380021258848,0.05849302525618329,0.0035808706091727174,True,0.05854321777276893,2.0676304616727452e+20,3.3419496608367463,"{""O1"": 3.7113479476006093e+18, ""O2"": 6.634977377791246e+18, ""O3a"": 12868626471286.5, ""O3b"": -901702996681.25, ""O3c"": -539955732375.25, ""V1"": -2.3971639012819796e+20, ""V2"": 4.385310258098539e+20, ""f2"": -2.3979248951567196e+18, ""f3"": -6457497108195.985, ""f4"": 5085912801792.706}"
equilateral_K0.035,equilateral,0.035,hard,0.035,0.035,0.035,True,True,"{""0.2"": 0.031924961969323554, ""0.25"": 0.0319776418794559, ""0.3"": 0.03204028425195419, ""0.35"": 0.032114342826854936, ""0.4"": 0.032201624817427645}","{""0.2"": 0.03817032592282941, ""0.25"": 0.039859094391001465, ""0.3"": 0.04186222029562627, ""0.35"": 0.044179624284351286, ""0.4"": 0.04681489998197766}",0.00027666284810409086,0.03205177114900325,0.00834997142034847,True,0.032114342826854936,877253231592.1447,8.388373619273809,"{""O1"": 46716334341.13672, ""O2"": 58565301904.0, ""O3a"": 46716334341.13867, ""O3b"": -2485740680.930664, ""O3c"": -1242870340.465332, ""V1"": -3203845409600.9785, ""V2"": 3952869834592.0, ""f2"": -16501569957.427406, ""f3"": -16661726279.246986, ""f4"": 13122743272.91815}"
folded_delta0.01_K0.035,folded,0.035,hard,0.026381909547738697,0.026381909547738697,0.05223618090452262,True,True,"{""0.2"": 0.09391378153059037, ""0.25"": 0.09394893041367082, ""0.3"": 0.09398988502448037, ""0.35"": 0.09403753359584241, ""0.4"": 0.09409296883218478}","{""0.2"": 0.05696777285969731, ""0.25"": 0.05948819615139117, ""0.3"": 0.06247778606934864, ""0.35"": 0.06593642418317425, ""0.4"": 0.06986947384244557}",0.00017918730159441343,0.09399661987935375,0.0017282156595450889,True,0.09403753359584241,6277644730948.523,1.9875091552446962,"{""O1"": 51356468443.958984, ""O2"": 133745054560.0, ""O3a"": -2697504158.564392, ""O3b"": 594011554.8130188, ""O3c"": -806293673.857193, ""V1"": -3065956246523.0996, ""V2"": 9190816017472.0, ""f2"": -29204781273.926064, ""f3"": -950996963.201593, ""f4"": 749001510.3991979}"
squeezed_q0.001_K0.040,squeezed,0.04,hard,5.997001499250375e-05,0.05997001499250375,0.05997001499250375,True,True,"{""0.2"": 0.05790773179913897, ""0.25"": 0.05796069227551196, ""0.3"": 0.058026245347371955, ""0.35"": 0.058106084779109, ""0.4"": 0.058202351900763914}","{""0.2"": 0.0654021433674483, ""0.25"": 0.068295728234738, ""0.3"": 0.07172794224994414, ""0.35"": 0.07569864944844466, ""0.4"": 0.08021400725118823}",0.00029462010162494695,0.05804062122037915,0.004706026833803399,True,0.058106084779109,8.890064106490577e+19,3.530169420741328,"{""O1"": 1.7545472364147507e+18, ""O2"": 3.024490443778818e+18, ""O3a"": 6057603807923.0, ""O3b"": -508907245128.25, ""O3c"": -304843475002.5625, ""V1"": -1.111100319003341e+20, ""V2"": 1.965884362027759e+20, ""f2"": -1.3568053855640758e+18, ""f3"": -3653713811703.717, ""f4"": 2877695176896.316}"
equilateral_K0.040,equilateral,0.04,hard,0.04,0.04,0.04,True,True,"{""0.2"": 0.030655581882706114, ""0.25"": 0.030724312574345262, ""0.3"": 0.030806040033486602, ""0.35"": 0.030902659687979263, ""0.4"": 0.031016527939174744}","{""0.2"": 0.04362322962609075, ""0.25"": 0.0455532507325731, ""0.3"": 0.047842537480715736, ""0.35"": 0.05049099918211575, ""0.4"": 0.053502742836545894}",0.00036094605646862926,0.030821024423538394,0.011322599929631002,True,0.030902659687979263,363389280966.78345,9.077290517448924,"{""O1"": 21314824777.03418, ""O2"": 26264028072.0, ""O3a"": 21314824777.03418, ""O3b"": -1393556979.6381836, ""O3c"": -696778489.8190918, ""V1"": -1446863679698.4897, ""V2"": 1754717565968.0, ""f2"": -9278223511.155533, ""f3"": -9368157968.688677, ""f4"": 7378434020.506315}"
folded_delta0.01_K0.040,folded,0.04,hard,0.03015075376884422,0.03015075376884422,0.059698492462311556,True,True,"{""0.2"": 0.09341994268763257, ""0.25"": 0.09346579948156436, ""0.3"": 0.09351923100026804, ""0.35"": 0.0935813947100844, ""0.4"": 0.09365371452549973}","{""0.2"": 0.06510602612536992, ""0.25"": 0.06798650988730583, ""0.3"": 0.07140318407925729, ""0.35"": 0.07535591335220095, ""0.4"": 0.07985082724851113}",0.00023377183786715827,0.09352801648100983,0.002266188595140011,True,0.0935813947100844,2690028864209.5034,2.0859384935779346,"{""O1"": 24185960361.04785, ""O2"": 60007088272.0, ""O3a"": -1258354064.0917358, ""O3b"": 334000301.459671, ""O3c"": -453105984.48638916, ""V1"": -1441931516006.003, ""V2"": 4065683518256.0, ""f2"": -16425129674.881174, ""f3"": -534840510.95310116, ""f4"": 421243259.41149414}"
squeezed_q0.001_K0.045,squeezed,0.045,hard,6.746626686656672e-05,0.06746626686656672,0.06746626686656672,True,True,"{""0.2"": 0.05726029115891706, ""0.25"": 0.057327218906848075, ""0.3"": 0.05741006559599249, ""0.35"": 0.057510969419659365, ""0.4"": 0.05763263390485188}","{""0.2"": 0.07357741128838752, ""0.25"": 0.0768326942640888, ""0.3"": 0.08069393503119612, ""0.35"": 0.0851609806295097, ""0.4"": 0.09024075815759677}",0.0003723427459348186,0.05742823579725377,0.00601070000092629,True,0.057510969419659365,4.207117802899015e+19,3.7335927198126693,"{""O1"": 9.145861748451246e+17, ""O2"": 1.5205361626015334e+18, ""O3a"": 3118727628417.5, ""O3b"": -307348085762.3125, ""O3c"": -184152992797.71875, ""V1"": -5.668164988631017e+19, ""V2"": 9.713878381837995e+19, ""f2"": -8.210803981783465e+17, ""f3"": -2211005502014.49, ""f4"": 1741431014575.6775}"
equilateral_K0.045,equilateral,0.045,hard,0.045,0.045,0.045,True,True,"{""0.2"": 0.02876695074747483, ""0.25"": 0.02885383174342296, ""0.3"": 0.02895714003242504, ""0.35"": 0.02907927009582532, ""0.4"": 0.029223198926942705}","{""0.2"": 0.04907613332935209, ""0.25"": 0.051247407074144734, ""0.3"": 0.05382285466580519, ""0.35"": 0.056802374079880216, ""0.4"": 0.06019058569111412}",0.00045624817946787397,0.028976078309218174,0.015215926788881725,True,0.02907927009582532,162577285435.4377,10.037604316463415,"{""O1"": 10753494284.67871, ""O2"": 12981343756.0, ""O3a"": 10753494284.67871, ""O3b"": -836685868.3205566, ""O3c"": -418342934.1602783, ""V1"": -722179306081.373, ""V2"": 858303620132.0, ""f2"": -5583106377.704394, ""f3"": -5637147043.54999, ""f4"": 4439921283.188554}"
folded_delta0.01_K0.045,folded,0.045,hard,0.03391959798994975,0.03391959798994975,0.06716080402010051,True,True,"{""0.2"": 0.09326513112905904, ""0.25"": 0.09332309899809897, ""0.3"": 0.09339064312780446, ""0.35"": 0.09346922502329875, ""0.4"": 0.09356064268744026}","{""0.2"": 0.07324427939104251, ""0.25"": 0.07648482362322047, ""0.3"": 0.08032858208916595, ""0.35"": 0.08477540252122763, ""0.4"": 0.08983218065457668}",0.00029551155838121457,0.0934017481931403,0.00286765830958432,True,0.09346922502329875,1277656123515.3723,2.176619254402985,"{""O1"": 12500121217.328125, ""O2"": 29735431848.0, ""O3a"": -681435508.7625427, ""O3b"": 200918580.59162903, ""O3c"": -272469896.9395828, ""V1"": -740495936863.7744, ""V2"": 1986623516784.0, ""f2"": -9885656287.460747, ""f3"": -321899160.0954007, ""f4"": 253532802.48537827}"
squeezed_q0.001_K0.050,squeezed,0.05,hard,7.496251874062971e-05,0.0749625187406297,0.0749625187406297,True,True,"{""0.2"": 0.056538173964732166, ""0.25"": 0.0566206771076974, ""0.3"": 0.05672281054128082, ""0.35"": 0.05684720735890147, ""0.4"": 0.056997197186209374}","{""0.2"": 0.08175267920931582, ""0.25"": 0.0853696602934282, ""0.3"": 0.08965992781243615, ""0.35"": 0.09462331181056213, ""0.4"": 0.10026750906399197}",0.0004590232214772075,0.05674521323176425,0.007498819820745713,True,0.05684720735890147,2.1494477759523516e+19,3.9478067516520703,"{""O1"": 5.1453178078530765e+17, ""O2"": 8.260310819993027e+17, ""O3a"": 1756019959434.5, ""O3b"": -195815930226.3125, ""O3c"": -117346531003.10938, ""V1"": -3.1156821711225307e+19, ""V2"": 5.183469536084912e+19, ""f2"": -5.2395989611768435e+17, ""f3"": -1410873887290.667, ""f4"": 1111249173766.7886}"
equilateral_K0.050,equilateral,0.05,hard,0.05,0.05,0.05,True,True,"{""0.2"": 0.025586067192504496, ""0.25"": 0.025693168515102727, ""0.3"": 0.025820517262513876, ""0.35"": 0.02597106345715573, ""0.4"": 0.02614847493256553}","{""0.2"": 0.054529037032613435, ""0.25"": 0.05694156341571638, ""0.3"": 0.05980317185089467, ""0.35"": 0.06311374897764468, ""0.4"": 0.06687842854568236}",0.0005624077400610342,0.025843858271968473,0.021021507300667354,True,0.02597106345715573,74665220054.8848,11.697509489935756,"{""O1"": 5889685883.943359, ""O2"": 6920835091.0, ""O3a"": 5889685883.943359, ""O3b"": -530225325.4967041, ""O3c"": -265112662.74835205, ""V1"": -391447445231.9436, ""V2"": 452512262498.0, ""f2"": -3544456113.9611793, ""f3"": -3578710718.485933, ""f4"": 2818700750.633854}"
folded_delta0.01_K0.050,folded,0.05,hard,0.03768844221105528,0.03768844221105528,0.07462311557788945,True,True,"{""0.2"": 0.09422901277373218, ""0.25"": 0.09430047931126445, ""0.3"": 0.09438375337650477, ""0.35"": 0.09448063476140174, ""0.4"": 0.09459333779485639}","{""0.2"": 0.08138253265671512, ""0.25"": 0.08498313735913512, ""0.3"": 0.0892539800990746, ""0.35"": 0.09419489169025433, ""0.4"": 0.09981353406064226}",0.00036432502112421217,0.09439744360355191,0.003492635082623152,True,0.09448063476140174,664173234255.6147,2.2382026874741565,"{""O1"": 6911374767.195557, ""O2"": 15965046010.0, ""O3a"": -434328116.4397583, ""O3b"": 127483181.40775299, ""O3c"": -172843985.01013565, ""V1"": -404102154410.9529, ""V2"": 1052198888792.0, ""f2"": -6276824956.698093, ""f3"": -204390332.75147444, ""f4"": 160983306.8637942}"
squeezed_q0.001_K0.055,squeezed,0.055,hard,8.245877061469267e-05,0.08245877061469266,0.08245877061469266,True,True,"{""0.2"": 0.055615358947770664, ""0.25"": 0.055715038301354984, ""0.3"": 0.055838443041053294, ""0.35"": 0.05598875125552648, ""0.4"": 0.056169982223150026}","{""0.2"": 0.08992794713024414, ""0.25"": 0.09390662632276761, ""0.3"": 0.09862592059367617, ""0.35"": 0.10408564299161457, ""0.4"": 0.11029425997038715}",0.0005546232753793623,0.055865514753771085,0.009204103703734293,True,0.05598875125552648,1.1653721096188537e+19,4.185071213848363,"{""O1"": 3.0807054090254746e+17, ""O2"": 4.777376257723597e+17, ""O3a"": 1023557653862.8125, ""O3b"": -130247489968.78125, ""O3c"": -78066626845.42188, ""V1"": -1.8209949463818306e+19, ""V2"": 2.9426876964598186e+19, ""f2"": -3.4901518694623155e+17, ""f3"": -939765092551.8713, ""f4"": 740201537925.3425}"
equilateral_K0.055,equilateral,0.055,hard,0.055,0.055,0.055,True,True,"{""0.2"": 0.024445003225384992, ""0.25"": 0.024574459513742753, ""0.3"": 0.024728388773254634, ""0.35"": 0.02491035509183953, ""0.4"": 0.025124790264163213}","{""0.2"": 0.059981940735874775, ""0.25"": 0.06263571975728802, ""0.3"": 0.06578348903598413, ""0.35"": 0.06942512387540915, ""0.4"": 0.0735662714002506}",0.0006797870387782214,0.024756599373677024,0.02647077718541973,True,0.02491035509183953,39242382901.79185,12.647412970947055,"{""O1"": 3407016271.7872314, ""O2"": 3942728173.0, ""O3a"": 3407016271.7871094, ""O3b"": -351025529.1564331, ""O3c"": -175512764.57821655, ""V1"": -223286680793.21277, ""V2"": 255152832808.0, ""f2"": -2350113468.310088, ""f3"": -2372787255.3431716, ""f4"": 1868909187.8181815}"
folded_delta0.01_K0.055,folded,0.055,hard,0.0414572864321608,0.0414572864321608,0.08208542713567839,True,True,"{""0.2"": 0.09270551316597102, ""0.25"": 0.0927918985089764, ""0.3"": 0.0928925610654585, ""0.35"": 0.09300967426313121, ""0.4"": 0.09314591229289117}","{""0.2"": 0.08952078592238773, ""0.25"": 0.09348145109504977, ""0.3"": 0.09817937810898326, ""0.35"": 0.10361438085928101, ""0.4"": 0.10979488746670782}",0.00044039912692014904,0.09290911185928566,0.004294171932577511,True,0.09300967426313121,358265869316.8163,2.3669465342765608,"{""O1"": 4137522555.1728516, ""O2"": 9085931531.0, ""O3a"": -249098297.0548172, ""O3b"": 84430370.61411667, ""O3c"": -114471242.06788063, ""V1"": -240204035111.00305, ""V2"": 589716380082.0, ""f2"": -4162009210.9278746, ""f3"": -135530345.0469366, ""f4"": 106748984.12985721}"
squeezed_q0.001_K0.060,squeezed,0.06,hard,8.995502248875562e-05,0.08995502248875563,0.08995502248875563,True,True,"{""0.2"": 0.05463081252321817, ""0.25"": 0.054749261604259206, ""0.3"": 0.05489591367669949, ""0.35"": 0.055074541608155336, ""0.4"": 0.05528991744503115}","{""0.2"": 0.09810321505118336, ""0.25"": 0.1024435923521184, ""0.3"": 0.10759191337492817, ""0.35"": 0.11354797417267963, ""0.4"": 0.12032101087679571}",0.0006591049218129807,0.05492808937147268,0.01112520940731032,True,0.055074541608155336,6.647901750791635e+18,4.436501374764836,"{""O1"": 1.939747372949504e+17, ""O2"": 2.910189922843361e+17, ""O3a"": 633916293954.0625, ""O3b"": -89784597914.9375, ""O3c"": -53820939828.0625, ""V1"": -1.1181877287857e+19, ""V2"": 1.7585668629381251e+19, ""f2"": -2.4088367290230093e+17, ""f3"": -648583666830.3253, ""f4"": 510863308910.36816}"
equilateral_K0.060,equilateral,0.06,hard,0.06,0.06,0.06,True,True,"{""0.2"": 0.02175066249324233, ""0.25"": 0.02190451533164362, ""0.3"": 0.02208745046063604, ""0.35"": 0.0223037017322976, ""0.4"": 0.022558534164967278}","{""0.2"": 0.06543484443913611, ""0.25"": 0.06832987609885965, ""0.3"": 0.07176380622107359, ""0.35"": 0.07573649877317362, ""0.4"": 0.08025411425481883}",0.0008078716717249482,0.022120972836557375,0.03512149250947525,True,0.0223037017322976,20289409762.064632,14.660641054536015,"{""O1"": 2086989954.0627441, ""O2"": 2360772658.0, ""O3a"": 2086989954.0628662, ""O3b"": -240924176.2633667, ""O3c"": -120462088.13168335, ""V1"": -134976098103.84564, ""V2"": 151053459912.5, ""f2"": -1615066977.745114, ""f3"": -1630620637.9961436, ""f4"": 1284369267.4209714}"
folded_delta0.01_K0.060,folded,0.06,hard,0.04522613065326633,0.04522613065326633,0.08954773869346734,True,True,"{""0.2"": 0.09264518847176424, ""0.25"": 0.09274786544996143, ""0.3"": 0.09286751713903135, ""0.35"": 0.09300672432510375, ""0.4"": 0.09316866267255983}","{""0.2"": 0.09765903918806033, ""0.25"": 0.10197976483096442, ""0.3"": 0.10710477611889192, ""0.35"": 0.11303387002830773, ""0.4"": 0.11977624087277339}",0.0005234742007955845,0.09288719161168413,0.0051025932378070665,True,0.09300672432510375,206874607682.1804,2.4574306616307786,"{""O1"": 2577294401.4102783, ""O2"": 5464649646.0, ""O3a"": -166182319.83590317, ""O3b"": 57957983.31364632, ""O3c"": -78582165.79505539, ""V1"": -147554288601.25513, ""V2"": 349454032692.0, ""f2"": -2860493388.7203736, ""f3"": -93151698.81748547, ""f4"": 73371133.88040555}"
squeezed_q0.001_K0.072,squeezed,0.072,provisional,0.00010794602698650674,0.10794602698650674,0.10794602698650674,False,True,"{""0.2"": 0.05202504940187922, ""0.25"": 0.05219500391108954, ""0.3"": 0.05240546113622988, ""0.35"": 0.052661822518492406, ""0.4"": 0.05297092214086964}","{""0.2"": 0.11772385806141786, ""0.25"": 0.1229323108225398, ""0.3"": 0.12911029604991142, ""0.35"": 0.13625756900721303, ""0.4"": 0.14438521305215218}",0.0009458727389904178,0.052451651821712145,0.016717258510445334,True,0.052661822518492406,2.0305218414066834e+18,5.107141754224945,"{""O1"": 7.494479715176448e+16, ""O2"": 1.045308894127063e+17, ""O3a"": 240418778118.89062, ""O3b"": -41204312229.71875, ""O3c"": -24704439963.552734, ""V1"": -4.059006965894306e+18, ""V2"": 6.020866198277718e+18, ""f2"": -1.1081318871423389e+17, ""f3"": -298336265058.5012, ""f4"": 234999273281.32385}"
equilateral_K0.072,equilateral,0.072,provisional,0.072,0.072,0.072,True,True,"{""0.2"": 0.01434499196103736, ""0.25"": 0.014565775767850344, ""0.3"": 0.014828285096980864, ""0.35"": 0.015138590342293593, ""0.4"": 0.015504242329899186}","{""0.2"": 0.07852181332696334, ""0.25"": 0.08199585131863157, ""0.3"": 0.08611656746528831, ""0.35"": 0.09088379852780834, ""0.4"": 0.0963049371057826}",0.0011592503688618253,0.01487637709961227,0.07381520331898533,False,0.015138590342293593,4359518167.698079,23.54957494284169,"{""O1"": 760308012.2077026, ""O2"": 813860705.5, ""O3a"": 760308012.2076721, ""O3b"": -109552758.98274231, ""O3c"": -54776379.491363525, ""V1"": -47508726551.527084, ""V2"": 50592173494.5, ""f2"": -736264788.0746361, ""f3"": -743320340.5180395, ""f4"": 585508761.876571}"
folded_delta0.01_K0.072,folded,0.072,provisional,0.05427135678391959,0.05427135678391959,0.10745728643216078,False,True,"{""0.2"": 0.0926919319657667, ""0.25"": 0.09283933200480639, ""0.3"": 0.09301112286812668, ""0.35"": 0.0932110015089739, ""0.4"": 0.09344351797855414}","{""0.2"": 0.11719084702566802, ""0.25"": 0.12237571779715276, ""0.3"": 0.1285257313426655, ""0.35"": 0.13564064403396422, ""0.4"": 0.14373148904732272}",0.0007515860127874502,0.09303938126524557,0.007301688164771377,True,0.0932110015089739,65611540958.256134,2.671994797056269,"{""O1"": 970391609.8883667, ""O2"": 1906920562.875, ""O3a"": -73291922.8072052, ""O3b"": 26323386.954185486, ""O3c"": -35705145.918661594, ""V1"": -53395633411.1868, ""V2"": 117525530073.5, ""f2"": -1303977344.7435536, ""f3"": -42469729.86805673, ""f4"": 33452879.562856555}"
squeezed_q0.001_K0.090,squeezed,0.09,provisional,0.00013493253373313344,0.13493253373313344,0.13493253373313344,False,True,"{""0.2"": 0.04731957659496002, ""0.25"": 0.04758370215856189, ""0.3"": 0.04791086296068022, ""0.35"": 0.048309428031286614, ""0.4"": 0.04878999173115563}","{""0.2"": 0.14715482257676413, ""0.25"": 0.15366538852816622, ""0.3"": 0.16138787006238028, ""0.35"": 0.1703219612590068, ""0.4"": 0.1804815163151802}",0.001470415136195606,0.047982712295328876,0.028379064782927656,True,0.048309428031286614,4.6144480676557376e+17,6.366164854626321,"{""O1"": 2.424955803408384e+16, ""O2"": 3.079197295640576e+16, ""O3a"": 74278139106.46484, ""O3b"": -15905078364.966797, ""O3c"": -9537869866.433594, ""V1"": -1.195193447642776e+18, ""V2"": 1.644497562733904e+18, ""f2"": -4.290086364326224e+16, ""f3"": -115478641365.64551, ""f4"": 90970669125.01227}"
equilateral_K0.090,equilateral,0.09,provisional,0.09,0.09,0.09,True,True,"{""0.2"": 0.005089023976185, ""0.25"": 0.005432373881006386, ""0.3"": 0.005840611437146946, ""0.35"": 0.0063231718568449976, ""0.4"": 0.0068917972756375925}","{""0.2"": 0.09815226665870418, ""0.25"": 0.10249481414828947, ""0.3"": 0.10764570933161038, ""0.35"": 0.11360474815976043, ""0.4"": 0.12038117138222824}",0.0018027732994525926,0.005915395685364184,0.26039152983398345,False,0.0063231718568449976,446145177.01236093,63.525475339285784,"{""O1"": 226456973.04193115, ""O2"": 227100265.8125, ""O3a"": 226456973.04195404, ""O3b"": -41818495.56206131, ""O3c"": -20909247.781030655, ""V1"": -13318535717.059029, ""V2"": 13489680285.9375, ""f2"": -281889387.55674905, ""f3"": -284566783.554962, ""f4"": 224170310.69230735}"
folded_delta0.01_K0.090,folded,0.09,provisional,0.0678391959798995,0.0678391959798995,0.13432160804020102,False,True,"{""0.2"": 0.08882101146441293, ""0.25"": 0.08905037732209779, ""0.3"": 0.08931777729805701, ""0.35"": 0.08962894942088001, ""0.4"": 0.08999095868001204}","{""0.2"": 0.14648855878208503, ""0.25"": 0.15296964724644094, ""0.3"": 0.1606571641783319, ""0.35"": 0.16955080504245526, ""0.4"": 0.17966436130915336}",0.0011699472155991125,0.08936181483709196,0.011846858325782354,True,0.08962894942088001,15443182032.131218,3.144303250960889,"{""O1"": 308360750.21543884, ""O2"": 536798072.46875, ""O3a"": -24506263.530511856, ""O3b"": 10002589.363134384, ""O3c"": -13584722.639522433, ""V1"": -16004017411.138878, ""V2"": 31132645327.875, ""f2"": -499065367.0330456, ""f3"": -16258953.99792339, ""f4"": 12808010.548775062}"
squeezed_q0.001_K0.119,squeezed,0.119,provisional,0.00017841079460269866,0.17841079460269865,0.17841079460269865,False,False,"{""0.2"": 0.03863359213685013, ""0.25"": 0.039091360465656096, ""0.3"": 0.039658655170970565, ""0.35"": 0.04034992186595697, ""0.4"": 0.041183465365206666}","{""0.2"": 0.19457137651817236, ""0.25"": 0.20317979149835982, ""0.3"": 0.21339062819359877, ""0.35"": 0.22520348210913868, ""0.4"": 0.2386366715723017}",0.002549873228356536,0.03978339900092809,0.058938313892829365,False,0.04034992186595697,6.7413803369752936e+16,9.256627611213522,"{""O1"": 6220994097850368.0, ""O2"": 7047151699623936.0, ""O3a"": 18333501904.176758, ""O3b"": -4846471564.356445, ""O3c"": -2906744290.879883, ""V1"": -2.6518169206577178e+17, ""V2"": 3.324509465553142e+17, ""f2"": -1.3123600008315312e+16, ""f3"": -35312507761.571976, ""f4"": 27823273253.907555}"
equilateral_K0.119,equilateral,0.119,provisional,0.119,0.119,0.119,False,True,"{""0.2"": -0.013000640175644443, ""0.25"": -0.012405206495681496, ""0.3"": -0.011697216098825259, ""0.35"": -0.010860293496068688, ""0.4"": -0.009874037584439246}","{""0.2"": 0.12977910813761995, ""0.25"": 0.13552092092940496, ""0.3"": 0.1423315490051293, ""0.35"": 0.15021072256679435, ""0.4"": 0.159170659938724}",0.003126602591205197,-0.011567478770131825,0.24263314885929113,False,-0.010860293496068688,-132219782.51578987,44.185916596986786,"{""O1"": 52696771.91886139, ""O2"": 48056787.0546875, ""O3a"": 52696771.91886139, ""O3b"": -12568695.519805908, ""O3c"": -6284347.759902954, ""V1"": -2797489496.9255657, ""V2"": 2633930482.1601562, ""f2"": -85050120.45243901, ""f3"": -85843371.95739283, ""f4"": 67635437.04675001}"
folded_delta0.01_K0.119,folded,0.119,provisional,0.08969849246231155,0.08969849246231155,0.17760301507537687,False,False,"{""0.2"": 0.08229612739108053, ""0.25"": 0.08269443239803885, ""0.3"": 0.0831590775893773, ""0.35"": 0.08369999760333083, ""0.4"": 0.08432943470049022}","{""0.2"": 0.19369042772298395, ""0.25"": 0.20225986691474365, ""0.3"": 0.21242447263579972, ""0.35"": 0.22418384222280757, ""0.4"": 0.237556211064331}",0.0020333073094096904,0.08323581393646354,0.02211324723106939,True,0.08369999760333083,2482409732.5461454,4.0319411374001355,"{""O1"": 76866856.47712708, ""O2"": 115494476.390625, ""O3a"": -6722405.956687331, ""O3b"": 2971641.9158827066, ""O3c"": -4048004.3438853323, ""V1"": -3597191915.6521454, ""V2"": 6046474129.765625, ""f2"": -150395090.04914, ""f3"": -4902677.992704807, ""f4"": 3862721.991448571}"
