quantity,q16,q50,q84,min,max
delta,0.015089071998157799,0.019536135028128242,0.0242884498204807,0.004480634902715273,0.03483965016536823
zt,0.10860541291712546,0.8588588200867613,1.5665850895327376,0.02091071749351242,1.9957484381039736
s,2.243854163740135,5.616500582196856,10.192054342267639,0.500589632419518,11.995683292942081
w0,-1.008179586780118,-0.944245367324126,-0.8554875059128155,-1.126367109365435,-0.7420842220253862
wa,-0.5051971358316318,-0.25619727497817923,0.012010109691038853,-0.987863536878436,0.4756491979333771
chi2_bao,9.769791695518048,11.288498078562405,13.98802740462578,7.887865301003264,27.413295256498014
chi2_snproxy,1.0140133619995364,2.692331175508387,5.338336917659153,0.028108916607905127,20.145068362243073
chi2_shoes,16.07653437811895,18.637047807834552,21.204386244916513,11.067704133245979,27.997486899893502
chi2_total,31.512766655521126,33.16934628003277,36.254710998986425,29.154233846878157,53.27439945683159
max_abs_mu_0p023_2p26,0.012194304525126485,0.02026352564750703,0.02846294198545078,0.0019185357236810147,0.04805077238792527
min_m_sub_0_3,0.9330649433158983,1.0631264300646885,1.244287634459834,0.6918645000550343,1.4388904755172085
min_m_obs_0_3,0.5958180318279738,0.9625020055497524,1.0816766610232502,-2.4520818976599905,1.3031295816324324
ede_frac_z1100,1.7438710314949405e-12,5.290562726238226e-11,1.478208195149661e-09,9.290231662780066e-16,1.172515929835369e-06
ladder_retention_mean,0.9934133812549676,0.9999807314361311,0.999999999895538,0.9746815543145178,1.0
H0_eff_mean_hubbleflow,68.07974652249537,68.54839075073717,68.91770191919585,67.39695558511828,69.70676124489427
