relative_path,bytes,sha256
A2_C3_CLOSURE_REFERENCE_MANIFEST.json,2207,2b7393d463cfaf1d43e4f6158f377ee33c2641cb5fbe20bc0c2c27f41acf3526
A2_CUBIC_OPERATOR_REGISTRY.json,1021,d1767b1ede6c8ce7264c9ff5d3ff8111b1776b9270f405e7ac6e216ba060f111
A2_FROZEN_BENCHMARK_MANIFEST.json,1099,a942be3810862c2eadffba4603becd6af4a4002158951e1bcb9cd03d1e980fbd
a2_init_single_handoff.py,16101,e097a3ea3924f5b1c4feaef5c27d2c77812175178ec6b073af8337e7c530857d
A2_INIT_SUMMARY.md,911,07a93f57be2ef8376e4a8b87f95362467c2a3fb9e8bb2016955c06945e975a1e
A2_NEXT_RUN_CONTRACT.json,837,f347dd797876d286c9baf448a8908a4ef252c057b35088d714e73c90bb70f626
A2_PASS_FAIL_GATES.json,1052,f43c57847ca394583ee11e56d0827f971ef2ce9358bdabb4b1c752e01e0c5825
A2_PROXY_CANARY_SCAN.csv,144682,bea68450a387e02f8de02cd59e2d6e20584dee68de1e59ad5cd42e46ff94267e
A2_PROXY_CANARY_SUMMARY.json,692,19c59af2269e9bf33a1cd66826b024689adf251b1a8d20f4190150b7db6be3fd
A2_SHAPE_SCAN_GRID.csv,83663,1e8cbfe63c1c6375bd95506d347988b62b0adc346f7ffea83e407cada31c65c9
A2_SHAPE_SCAN_GRID_SUMMARY.json,191,4c9e95eb65d096c0fe17b180be80c3145e460448c9bdd2bdf069f6bd79b65120
C3_CLOSURE_REFERENCES\RUN06_2MPP_CLOSURE_20260701_153719_RUN06_2MPP_CLOSURE_SUMMARY.md,1399,636ef265c994b02f0f78944fdef90c5f248fb16753e6463eec34a4b750ed7c70
C3_CLOSURE_REFERENCES\RUN06_2MPP_CLOSURE_20260701_153719_RUN06_2MPP_CLOSURE_VERDICT.json,1348,635a0fba368266cf247d576ecd756ccd4a9871f44ec989568cfd427459bb9e1c
C3_CLOSURE_REFERENCES\RUN07_FRAME_OFFSET_ANCHOR_AUDIT_20260701_155024_RUN07_FRAME_OFFSET_FINAL_VERDICT.json,1803,36a04ed8b86d071c711f8b8632be36499a654138fa29cca3f2ce959ef123f9ac
C3_CLOSURE_REFERENCES\RUN07_FRAME_OFFSET_ANCHOR_AUDIT_20260701_155024_RUN07_FRAME_OFFSET_SUMMARY.md,1560,8e766e3536929252afa78dc7498de208b5621d3633aeb6bae5ec4dc2aa5b62a1
