Delta,dN,x_init,K,fNL_eq_feature_raw,abs_fNL_eq_feature,P_switch_over_P_cubic
0.01,0.0015,70,0.2,0.07849227201809242,0.07849227201809242,1.8099056746331432
0.01,0.0015,70,0.5,0.11243070929922229,0.11243070929922229,1.9808523910196503
0.01,0.0015,70,1.0,0.14179561824704529,0.14179561824704529,1.8708463655418857
0.01,0.0015,70,1.5,0.11841955487325259,0.11841955487325259,1.3709443282862612
0.01,0.0015,70,2.2,-0.1648067928786473,0.1648067928786473,0.5890452666132472
0.01,0.0015,70,2.8,-1.8047792286213775,1.8047792286213775,0.16630390341884496
0.01,0.0015,70,3.2,-10.935455340517967,10.935455340517967,0.03596238917357254
0.01,0.0015,70,3.6,3571.3277697790045,3571.3277697790045,3.290509720168964e-05
0.01,0.0015,70,4.0,-17.804291801003753,17.804291801003753,0.025656233780669446
0.01,0.0015,70,4.5,-4.369320950748184,4.369320950748184,0.09578407497739673
0.01,0.0015,70,5.0,-2.0303929284531264,2.0303929284531264,0.16264511377007998
0.01,0.001,70,0.2,0.050309024318925546,0.050309024318925546,1.8008987130235694
0.01,0.001,70,0.5,0.08331091160210853,0.08331091160210853,1.9708076710059392
0.01,0.001,70,1.0,0.1085874916910424,0.1085874916910424,1.8601141565010448
0.01,0.001,70,1.5,0.07603200688428993,0.07603200688428993,1.3611297341811035
0.01,0.001,70,2.2,-0.2443967130987629,0.2443967130987629,0.5822880555039202
0.01,0.001,70,2.8,-2.0438455527301396,2.0438455527301396,0.16279922001198455
0.01,0.001,70,3.2,-12.148586648632714,12.148586648632714,0.0344183267349069
0.01,0.001,70,3.6,-2187.1050839998197,2187.1050839998197,5.7222710078162483e-05
0.01,0.001,70,4.0,-17.54838980477619,17.54838980477619,0.026719874387997247
0.01,0.001,70,4.5,-4.358884529358895,4.358884529358895,0.09734143335078861
0.01,0.001,70,5.0,-2.0194533451471024,2.0194533451471024,0.16390837196882188
0.01,0.0005,70,0.2,0.03320481534933868,0.03320481534933868,1.7954504900552855
0.01,0.0005,70,0.5,0.06563015913396492,0.06563015913396492,1.9647801267271967
0.01,0.0005,70,1.0,0.08846685054928503,0.08846685054928503,1.8541580159648134
0.01,0.0005,70,1.5,0.050433178934732925,0.050433178934732925,1.3564310697428448
0.01,0.0005,70,2.2,-0.291271571763719,0.291271571763719,0.5798412253476414
0.01,0.0005,70,2.8,-2.1731269627531438,2.1731269627531438,0.16182128469655505
0.01,0.0005,70,3.2,-12.698151002579651,12.698151002579651,0.03406419760891936
0.01,0.0005,70,3.6,-2604.3784655646273,2604.3784655646273,6.51405808072706e-05
0.01,0.0005,70,4.0,-17.710371113237525,17.710371113237525,0.026885844155559932
0.01,0.0005,70,4.5,-4.391912543036322,4.391912543036322,0.09751225341462368
0.01,0.0005,70,5.0,-2.0274522244208315,2.0274522244208315,0.16397367259932014
0.01,0.001,100,0.2,0.05008380740867152,0.05008380740867152,1.8007881261575545
0.01,0.001,100,0.5,0.0832262701665151,0.0832262701665151,1.9704645420209155
0.01,0.001,100,1.0,0.10871977505617161,0.10871977505617161,1.8594150755756746
0.01,0.001,100,1.5,0.07608433063181899,0.07608433063181899,1.360456602764629
0.01,0.001,100,2.2,-0.24420274267076483,0.24420274267076483,0.58216653446567
0.01,0.001,100,2.8,-2.0424778299210695,2.0424778299210695,0.162841351839384
0.01,0.001,100,3.2,-12.147067439032142,12.147067439032142,0.03443617719975211
0.01,0.001,100,3.6,-2189.1523976824465,2189.1523976824465,5.7231191186184764e-05
0.01,0.001,100,4.0,-17.544534320054737,17.544534320054737,0.026731986525277914
0.01,0.001,100,4.5,-4.35854734862867,4.35854734862867,0.09735517553301212
0.01,0.001,100,5.0,-2.0204818004331324,2.0204818004331324,0.16388618932616122
