K,fNL_eq_feature_raw,abs_fNL_eq_feature,P_switch_over_P_cubic
0.07999999999999999,0.06213101355234891,0.06213101355234891,1.6968121435053953
0.09324038577409141,0.06356562846579827,0.06356562846579827,1.71164311355468
0.10867211924126735,0.06523548122639579,0.06523548122639579,1.7276797417718546
0.12665787901179792,0.06723898319859772,0.06723898319859772,1.7453075066267298
0.14762036875485293,0.06963606749470774,0.06963606749470774,1.7646694308353499
0.17205225163520146,0.07253963851364759,0.07253963851364759,1.785942451451645
0.2005277289470905,0.07592303797097356,0.07592303797097356,1.8092878497858667
0.23371603506786448,0.07989759902248417,0.07989759902248417,1.8347207978281692
0.2723971658914845,0.08456112239157898,0.08456112239157898,1.862031860812186
0.3174802103936399,0.08986968238107014,0.08986968238107014,1.8907237834862765
0.3700247161592837,0.0958691942557142,0.0958691942557142,1.9195689734344399
0.4312655910080037,0.10253978142700852,0.10253978142700852,1.946735150404748
0.5026421259584725,0.10970549672490609,0.10970549672490609,1.968719685935702
0.5858318216334678,0.11716023053393784,0.11716023053393784,1.9802915916008632
0.6827898130980408,0.12450237525406603,0.12450237525406603,1.9740862264319552
0.7957948196985137,0.13105270242229158,0.13105270242229158,1.9397483868649295
0.9275026998214118,0.1356912330392213,0.1356912330392213,1.8649091173186916
1.081008869223247,0.13638524494808676,0.13638524494808676,1.7361108906827918
1.2599210498948734,0.12913496654384876,0.12913496654384876,1.542771079506097
1.4684440592137036,0.10532615763193207,0.10532615763193207,1.2823213462276337
1.7114786321094806,0.043062473269908016,0.043062473269908016,0.9669185355320784
1.9947365987750294,-0.12438495783201424,0.12438495783201424,0.628405879119132
2.324875124843534,-0.6727057930696461,0.6727057930696461,0.31743469817784614
2.709653168962501,-3.6943634492082205,3.6943634492082205,0.09313079572183569
3.158113834850661,-314.70597211752516,314.70597211752516,0.0013697102082348043
3.680796903499636,-10.312562107747956,10.312562107747956,0.045129038080143104
4.28998654047984,-2.4063440987997757,2.4063440987997757,0.161089102702828
5.000000000000001,-0.8139777949467497,0.8139777949467497,0.2326304918033684
