K_switch_units,k_Mpc_inv,P_R_smooth_extrapolated,feature_ratio_P_switch_over_P_cubic,P_R_with_exit_feature_proxy,abs_fNL_eq_feature_estimate,B_abs_proxy
2.5,9.113265252162876e+22,1.2159662359062163e-10,0.3347192757488414,4.0700733781757355e-11,0.8167496360270156,29.17428448138662
2.541176470588235,9.263366091610264e+22,1.214631974589929e-10,0.3067258722582653,3.725590518788751e-11,0.9317411635994626,26.38331765760347
2.5823529411764707,9.413466931057654e+22,1.2133204060821158e-10,0.2800922622467006,3.3984165736962526e-11,1.0635596807937904,23.742637553918485
2.623529411764706,9.563567770505042e+22,1.212030791902656e-10,0.254815721322413,3.0884450050365074e-11,1.2153510624473358,21.259765580327556
2.664705882352941,9.71366860995243e+22,1.2107624287221943e-10,0.2308825678345994,2.7954393858103636e-11,1.3909964868276692,18.93858001433708
2.7058823529411766,9.86376944939982e+22,1.2095146461759191e-10,0.2082875585393116,2.5192685266952152e-11,1.5953305204725248,16.780920641256685
2.747058823529412,1.0013870288847209e+23,1.2082868048442592e-10,0.1870147391751452,2.2596744165671868e-11,1.8344506317618483,14.785328694284388
2.788235294117647,1.0163971128294595e+23,1.2070782943854683e-10,0.1670462962437404,2.0163795835330382e-11,2.116118126360738,12.94934751272612
2.8294117647058825,1.0314071967741985e+23,1.2058885318066165e-10,0.1483654366980227,1.789121786306261e-11,2.450347888020429,11.269061214103544
2.8705882352941177,1.0464172807189373e+23,1.2047169598608746e-10,0.1309486511924492,1.577560609624495e-11,2.850153600624386,9.738784255885818
2.9117647058823533,1.0614273646636762e+23,1.2035630455602005e-10,0.1147728544588144,1.381363662600883e-11,3.3327677061501464,8.352545197786284
2.9529411764705884,1.076437448608415e+23,1.2024262787936205e-10,0.0998133145857863,1.2001815243144401e-11,3.921426347258992,7.104056072673146
2.994117647058824,1.091447532553154e+23,1.2013061710422413e-10,0.0860434579313901,1.033645369907924e-11,4.647819682031152,5.986064431081886
3.035294117647059,1.1064576164978928e+23,1.2002022541830013e-10,0.0734330922127583,8.813456280538072e-12,5.556153744050579,4.991157674079126
3.0764705882352943,1.1214677004426316e+23,1.1991140793739136e-10,0.0619531548149643,7.428890020025546e-12,6.709669328674835,4.1120057793776965
3.11764705882353,1.1364777843873706e+23,1.198041216014247e-10,0.0515717917793087,6.178513213531654e-12,8.200961244992394,3.341050548625738
3.158823529411765,1.1514878683321094e+23,1.196983250773678e-10,0.0422574621499986,5.0581474413750976e-12,10.170314234880795,2.670948300080287
3.2,1.1664979522768482e+23,1.1959397866850256e-10,0.0339759020441419,4.063313304310239e-12,12.8373072364637,2.0942540251161192
3.216666666666667,1.1725734624449566e+23,1.195521467371397e-10,0.0309097239521875,3.695323853536402e-12,14.190189984614497,1.8857491749355173
3.2333333333333334,1.1786489726130653e+23,1.195105436552077e-10,0.0280048673814729,3.346876925751819e-12,15.747044225730413,1.690905711305613
3.25,1.1847244827811738e+23,1.1946916700146348e-10,0.0252590390173713,3.0176763506628136e-12,17.55008931152679,1.5092774894273835
3.266666666666667,1.1907999929492826e+23,1.1942801439252918e-10,0.0226699397918122,2.707425895734317e-12,19.652476009930773,1.3403773728968258
3.2833333333333337,1.196875503117391e+23,1.1938708348211053e-10,0.0202350392035736,2.4158023146608207e-12,22.12304395947827,1.1837842312973064
3.3000000000000003,1.2029510132854997e+23,1.1934637196023475e-10,0.0179521300067251,2.1425215852611054e-12,25.050663727274102,1.0390346361407083
3.316666666666667,1.2090265234536082e+23,1.1930587755250833e-10,0.0158187444704002,1.8872691908199845e-12,28.55324780110004,0.9057109622622576
3.333333333333333,1.2151020336217167e+23,1.1926559801939369e-10,0.0138324727145589,1.6497381303888132e-12,32.788242122921886,0.7833762938451279
3.35,1.2211775437898254e+23,1.1922553115550344e-10,0.0119909045476155,1.4296219637243996e-12,37.97062402123274,0.671610374457632
3.3666666666666667,1.227253053957934e+23,1.191856747889132e-10,0.0102916183562242,1.226613478456547e-12,44.39959635346389,0.5700003289881844
3.3833333333333333,1.2333285641260425e+23,1.191460267804911e-10,0.0087321821862788,1.0404048126185011e-12,52.501221442962326,0.478140823040745
3.4000000000000004,1.2394040742941511e+23,1.1910658502324383e-10,0.0073101495524282,8.706869491989172e-13,62.898580868928384,0.3956350333505516
3.416666666666667,1.2454795844622598e+23,1.19067347441679e-10,0.0060230810520393,7.171522842925568e-13,76.52996029183832,0.3220909545094145
3.4333333333333336,1.2515550946303683e+23,1.1902831199118363e-10,0.0048685285542975,5.79492735698909e-13,94.86204624941868,0.2571282489179141
3.45,1.257630604798477e+23,1.189894766574171e-10,0.0038440000886346,4.57395558817696e-13,120.28386457389422,0.2003723799009571
3.466666666666667,1.2637061149665854e+23,1.1895083945571938e-10,0.0029470528161004,3.5055440639548435e-13,156.8943609958345,0.151457780848285
3.4833333333333334,1.269781625134694e+23,1.189123984305335e-10,0.0021752051968579,2.5865886703693367e-13,212.1773896356141,0.1100266763757445
3.5,1.2758571353028026e+23,1.1887415165484185e-10,0.0015259865946763,1.8140036187880616e-13,300.9064750530953,0.0757296765150971
3.5166666666666666,1.2819326454709112e+23,1.1883609722961625e-10,0.0009969165769349,1.18469675266452e-13,455.2398419117936,0.0482250239326549
3.5333333333333337,1.2880081556390199e+23,1.1879823328328098e-10,0.0005855298036756,6.955990621136764e-14,754.0638358566439,0.0271795870278878
3.5500000000000003,1.2940836658071285e+23,1.1876055797118864e-10,0.0002893476835824,3.4363092349916764e-14,1412.9940504935212,0.0122681684032484
3.566666666666667,1.300159175975237e+23,1.187230694751085e-10,0.0001058930952387,1.257195330295846e-14,2766.516150929,0.0031737692364622
3.583333333333333,1.3062346861433455e+23,1.1868576600272668e-10,3.269523888579972e-05,3.880459471803276e-15,3824.509277969132,0.000412667995545
3.6,1.3123101963114541e+23,1.1864864578715847e-10,6.728421663295348e-05,7.983181186349733e-15,2678.949425398089,0.0012079175090052
3.6166666666666663,1.3183857064795624e+23,1.1861170708647158e-10,0.0002071924621902,2.4575451635828838e-14,1835.0870706485823,0.0077424764438541
3.6333333333333337,1.3244612166476714e+23,1.1857494818322076e-10,0.0004499592449986,5.335389416027013e-14,962.7429566761684,0.0189061503759932
3.65,1.3305367268157798e+23,1.1853836738399317e-10,0.0007931232353609,9.401553345399165e-14,571.5991570559091,0.0344213711752475
3.666666666666667,1.3366122369838886e+23,1.1850196301896413e-10,0.0012342334460835,1.4625908618455556e-13,375.2731075361545,0.0540188480614079
3.6833333333333336,1.342687747151997e+23,1.18465733441463e-10,0.0017708408918307,2.0978396505885834e-13,264.7265182303032,0.0774369158386637
3.7,1.3487632573201057e+23,1.1842967702754931e-10,0.0024005292763774,2.8429390689655214e-13,196.77318399771755,0.1044230135339793
3.716666666666667,1.3548387674882142e+23,1.1839379217559807e-10,0.0031208374153655,3.6948777636861364e-13,152.13807781248065,0.1347283358470747
3.733333333333333,1.3609142776563227e+23,1.1835807730589482e-10,0.0039293284756212,4.650677634778278e-13,121.27893977289934,0.1681126516003688
3.75,1.3669897878244313e+23,1.1832253086023947e-10,0.0048236388550236,5.707451572821801e-13,99.06213533193316,0.2043486960510598
3.7666666666666666,1.37306529799254e+23,1.1828715130155953e-10,0.0058013514747655,6.862253396491122e-13,82.53492782941443,0.2432104456813661
3.7833333333333337,1.3791408081606486e+23,1.1825193711353132e-10,0.0068600617882402,8.112155951779194e-13,69.90411166827552,0.2844809756581707
3.8,1.3852163183287571e+23,1.1821688680021003e-10,0.0079973380684244,9.454204091379376e-13,60.03060675754267,0.3279455244589888
3.816666666666667,1.3912918284968658e+23,1.1818199888566826e-10,0.0092109269468096,1.088565758163824e-12,52.16317121334255,0.3734104428333737
3.8333333333333335,1.3973673386649743e+23,1.181472719136415e-10,0.0104984090027449,1.2403583831079234e-12,45.79010376609695,0.4206756043256913
3.85,1.4034428488330829e+23,1.1811270444718237e-10,0.0118573661173582,1.4005055797415636e-12,40.55322004310996,0.4695446446395093
3.8666666666666663,1.4095183590011912e+23,1.1807829506832238e-10,0.013285523019338,1.5687319072143817e-12,36.19574504833098,0.5198407923663227
3.8833333333333337,1.4155938691693002e+23,1.180440423777399e-10,0.0147805745806899,1.7447587721703036e-12,32.52968096939044,0.5713881682838667
3.9,1.4216693793374085e+23,1.180099449944371e-10,0.0163403409292124,1.9283227342467047e-12,29.41482211209787,0.6240270172375125
3.916666666666667,1.4277448895055174e+23,1.1797600155542231e-10,0.0179622937089323,2.1191195905439493e-12,26.744887713324182,0.6775758056585856
3.9333333333333336,1.4338203996736258e+23,1.1794221071539988e-10,0.0196442769340581,2.31688944950835e-12,24.438105074005133,0.7318865783847612
3.95,1.4398959098417345e+23,1.1790857114646692e-10,0.0213840364174797,2.521361179329045e-12,22.430725257496885,0.7868086630085507
3.972727272727273,1.4481806964346098e+23,1.178629404252523e-10,0.023845481237101,2.8104985344599066e-12,20.0867456570012,0.8624248524720128
3.9954545454545456,1.456465483027485e+23,1.178175852844446e-10,0.0264045496005369,3.110920274458604e-12,18.108978124141515,0.9385600364644766
4.0181818181818185,1.4647502696203605e+23,1.1777250250722096e-10,0.0290554766470597,3.4219361962643385e-12,16.423935205763453,1.0148707027415913
4.040909090909091,1.4730350562132358e+23,1.1772768893223144e-10,0.0317932121000715,3.742941384273674e-12,14.975660655471122,1.091074616229621
4.063636363636364,1.4813198428061114e+23,1.1768314145233669e-10,0.0346120693419063,4.073257052321645e-12,13.72110077985728,1.1668667884354518
4.086363636363637,1.4896046293989865e+23,1.176388570133812e-10,0.0375064443563031,4.412215244711478e-12,12.626650027503214,1.2419590373758087
4.109090909090909,1.4978894159918618e+23,1.1759483261300145e-10,0.0404712145396863,4.759205699439281e-12,11.665640600740488,1.3161108675610471
4.131818181818182,1.506174202584737e+23,1.1755106529946643e-10,0.0435011973694241,5.1136120925781495e-12,10.816798477962315,1.389084439266811
4.154545454545454,1.5144589891776124e+23,1.1750755217055125e-10,0.0465912411485662,5.474822699955877e-12,10.062951743856845,1.460658501728977
4.177272727272728,1.5227437757704878e+23,1.1746429037244082e-10,0.0497362693593031,5.842235586063111e-12,9.390113695381872,1.5306278509063445
4.2,1.5310285623633633e+23,1.1742127709866479e-10,0.0529312821009738,6.21525874276604e-12,8.78679686563907,1.5988027974480223
