k_Mpc_inv,P_R_smooth,P_R_BIH_VI_transfer_proxy,feature_ratio,note
9.999999999999999e-06,2.765712589884379e-09,2.765712589884379e-09,1.0,CMB/LSS scales: BIH-VI exit feature is exponentially far away for N*=55
1.0352317759307377e-05,2.76285359911895e-09,2.76285359911895e-09,1.0,CMB/LSS scales: BIH-VI exit feature is exponentially far away for N*=55
1.0717048298967115e-05,2.759995644549007e-09,2.759995644549007e-09,1.0,CMB/LSS scales: BIH-VI exit feature is exponentially far away for N*=55
1.1094628943275218e-05,2.757138729075303e-09,2.757138729075303e-09,1.0,CMB/LSS scales: BIH-VI exit feature is exponentially far away for N*=55
1.1485512424239392e-05,2.7542828555934232e-09,2.7542828555934232e-09,1.0,CMB/LSS scales: BIH-VI exit feature is exponentially far away for N*=55
1.1890167424419898e-05,2.7514280269937816e-09,2.7514280269937816e-09,1.0,CMB/LSS scales: BIH-VI exit feature is exponentially far away for N*=55
1.2309079138896018e-05,2.748574246161619e-09,2.748574246161619e-09,1.0,CMB/LSS scales: BIH-VI exit feature is exponentially far away for N*=55
1.2742749857031348e-05,2.7457215159769993e-09,2.7457215159769993e-09,1.0,CMB/LSS scales: BIH-VI exit feature is exponentially far away for N*=55
1.3191699564735716e-05,2.742869839314809e-09,2.742869839314809e-09,1.0,CMB/LSS scales: BIH-VI exit feature is exponentially far away for N*=55
1.3656466567946097e-05,2.7400192190447516e-09,2.7400192190447516e-09,1.0,CMB/LSS scales: BIH-VI exit feature is exponentially far away for N*=55
1.4137608138073613e-05,2.737169658031347e-09,2.737169658031347e-09,1.0,CMB/LSS scales: BIH-VI exit feature is exponentially far away for N*=55
1.4635701180190798e-05,2.734321159133929e-09,2.734321159133929e-09,1.0,CMB/LSS scales: BIH-VI exit feature is exponentially far away for N*=55
1.5151342924760514e-05,2.731473725206642e-09,2.731473725206642e-09,1.0,CMB/LSS scales: BIH-VI exit feature is exponentially far away for N*=55
1.5685151643735478e-05,2.7286273590984382e-09,2.7286273590984382e-09,1.0,CMB/LSS scales: BIH-VI exit feature is exponentially far away for N*=55
1.623776739188721e-05,2.7257820636530762e-09,2.7257820636530762e-09,1.0,CMB/LSS scales: BIH-VI exit feature is exponentially far away for N*=55
1.6809852774253656e-05,2.7229378417091173e-09,2.7229378417091173e-09,1.0,CMB/LSS scales: BIH-VI exit feature is exponentially far away for N*=55
1.7402093740624848e-05,2.7200946960999238e-09,2.7200946960999238e-09,1.0,CMB/LSS scales: BIH-VI exit feature is exponentially far away for N*=55
1.801520040802024e-05,2.7172526296536576e-09,2.7172526296536576e-09,1.0,CMB/LSS scales: BIH-VI exit feature is exponentially far away for N*=55
1.8649907912142982e-05,2.714411645193275e-09,2.714411645193275e-09,1.0,CMB/LSS scales: BIH-VI exit feature is exponentially far away for N*=55
1.9306977288832496e-05,2.7115717455365253e-09,2.7115717455365253e-09,1.0,CMB/LSS scales: BIH-VI exit feature is exponentially far away for N*=55
1.9987196386572525e-05,2.7087329334959503e-09,2.7087329334959503e-09,1.0,CMB/LSS scales: BIH-VI exit feature is exponentially far away for N*=55
2.06913808111479e-05,2.7058952118788807e-09,2.7058952118788807e-09,1.0,CMB/LSS scales: BIH-VI exit feature is exponentially far away for N*=55
2.142037490358383e-05,2.703058583487433e-09,2.703058583487433e-09,1.0,CMB/LSS scales: BIH-VI exit feature is exponentially far away for N*=55
2.217505275253934e-05,2.7002230511185067e-09,2.7002230511185067e-09,1.0,CMB/LSS scales: BIH-VI exit feature is exponentially far away for N*=55
2.2956319242369097e-05,2.697388617563786e-09,2.697388617563786e-09,1.0,CMB/LSS scales: BIH-VI exit feature is exponentially far away for N*=55
2.376511113811073e-05,2.6945552856097316e-09,2.6945552856097316e-09,1.0,CMB/LSS scales: BIH-VI exit feature is exponentially far away for N*=55
2.4602398208697776e-05,2.691723058037582e-09,2.691723058037582e-09,1.0,CMB/LSS scales: BIH-VI exit feature is exponentially far away for N*=55
2.54691843897454e-05,2.688891937623353e-09,2.688891937623353e-09,1.0,CMB/LSS scales: BIH-VI exit feature is exponentially far away for N*=55
2.6366508987303556e-05,2.6860619271378304e-09,2.6860619271378304e-09,1.0,CMB/LSS scales: BIH-VI exit feature is exponentially far away for N*=55
2.729544792402007e-05,2.6832330293465717e-09,2.6832330293465717e-09,1.0,CMB/LSS scales: BIH-VI exit feature is exponentially far away for N*=55
2.825711502920827e-05,2.680405247009902e-09,2.680405247009902e-09,1.0,CMB/LSS scales: BIH-VI exit feature is exponentially far away for N*=55
2.9252663374366476e-05,2.6775785828829143e-09,2.6775785828829143e-09,1.0,CMB/LSS scales: BIH-VI exit feature is exponentially far away for N*=55
3.0283286655749455e-05,2.6747530397154643e-09,2.6747530397154643e-09,1.0,CMB/LSS scales: BIH-VI exit feature is exponentially far away for N*=55
3.135022062565112e-05,2.6719286202521697e-09,2.6719286202521697e-09,1.0,CMB/LSS scales: BIH-VI exit feature is exponentially far away for N*=55
3.245474457411332e-05,2.6691053272324085e-09,2.6691053272324085e-09,1.0,CMB/LSS scales: BIH-VI exit feature is exponentially far away for N*=55
3.359818286283781e-05,2.666283163390315e-09,2.666283163390315e-09,1.0,CMB/LSS scales: BIH-VI exit feature is exponentially far away for N*=55
3.478190651314134e-05,2.6634621314547824e-09,2.6634621314547824e-09,1.0,CMB/LSS scales: BIH-VI exit feature is exponentially far away for N*=55
3.60073348498562e-05,2.6606422341494546e-09,2.6606422341494546e-09,1.0,CMB/LSS scales: BIH-VI exit feature is exponentially far away for N*=55
3.727593720314938e-05,2.6578234741927272e-09,2.6578234741927272e-09,1.0,CMB/LSS scales: BIH-VI exit feature is exponentially far away for N*=55
3.858923467029907e-05,2.6550058542977474e-09,2.6550058542977474e-09,1.0,CMB/LSS scales: BIH-VI exit feature is exponentially far away for N*=55
3.99488019395417e-05,2.6521893771724082e-09,2.6521893771724082e-09,1.0,CMB/LSS scales: BIH-VI exit feature is exponentially far away for N*=55
4.135626917817706e-05,2.6493740455193495e-09,2.6493740455193495e-09,1.0,CMB/LSS scales: BIH-VI exit feature is exponentially far away for N*=55
4.281332398719396e-05,2.646559862035954e-09,2.646559862035954e-09,1.0,CMB/LSS scales: BIH-VI exit feature is exponentially far away for N*=55
4.4321713424760855e-05,2.6437468294143464e-09,2.6437468294143464e-09,1.0,CMB/LSS scales: BIH-VI exit feature is exponentially far away for N*=55
4.58832461010084e-05,2.640934950341393e-09,2.640934950341393e-09,1.0,CMB/LSS scales: BIH-VI exit feature is exponentially far away for N*=55
4.749979434661413e-05,2.6381242274986948e-09,2.6381242274986948e-09,1.0,CMB/LSS scales: BIH-VI exit feature is exponentially far away for N*=55
4.917329645779016e-05,2.6353146635625918e-09,2.6353146635625918e-09,1.0,CMB/LSS scales: BIH-VI exit feature is exponentially far away for N*=55
5.0905759020366864e-05,2.6325062612041573e-09,2.6325062612041573e-09,1.0,CMB/LSS scales: BIH-VI exit feature is exponentially far away for N*=55
5.269925931575656e-05,2.629699023089198e-09,2.629699023089198e-09,1.0,CMB/LSS scales: BIH-VI exit feature is exponentially far away for N*=55
5.4555947811685143e-05,2.6268929518782496e-09,2.6268929518782496e-09,1.0,CMB/LSS scales: BIH-VI exit feature is exponentially far away for N*=55
5.6478050740675574e-05,2.6240880502265784e-09,2.6240880502265784e-09,1.0,CMB/LSS scales: BIH-VI exit feature is exponentially far away for N*=55
5.8467872769375896e-05,2.621284320784177e-09,2.621284320784177e-09,1.0,CMB/LSS scales: BIH-VI exit feature is exponentially far away for N*=55
6.052779976193355e-05,2.618481766195763e-09,2.618481766195763e-09,1.0,CMB/LSS scales: BIH-VI exit feature is exponentially far away for N*=55
6.266030164072656e-05,2.6156803891007803e-09,2.6156803891007803e-09,1.0,CMB/LSS scales: BIH-VI exit feature is exponentially far away for N*=55
6.486793534788508e-05,2.612880192133391e-09,2.612880192133391e-09,1.0,CMB/LSS scales: BIH-VI exit feature is exponentially far away for N*=55
6.715334791115149e-05,2.610081177922481e-09,2.610081177922481e-09,1.0,CMB/LSS scales: BIH-VI exit feature is exponentially far away for N*=55
6.951927961775606e-05,2.607283349091653e-09,2.607283349091653e-09,1.0,CMB/LSS scales: BIH-VI exit feature is exponentially far away for N*=55
7.196856730011514e-05,2.6044867082592273e-09,2.6044867082592273e-09,1.0,CMB/LSS scales: BIH-VI exit feature is exponentially far away for N*=55
7.450414773728916e-05,2.60169125803824e-09,2.60169125803824e-09,1.0,CMB/LSS scales: BIH-VI exit feature is exponentially far away for N*=55
7.712906117627992e-05,2.5988970010364396e-09,2.5988970010364396e-09,1.0,CMB/LSS scales: BIH-VI exit feature is exponentially far away for N*=55
7.984645497739079e-05,2.5961039398562897e-09,2.5961039398562897e-09,1.0,CMB/LSS scales: BIH-VI exit feature is exponentially far away for N*=55
8.265958738801813e-05,2.593312077094961e-09,2.593312077094961e-09,1.0,CMB/LSS scales: BIH-VI exit feature is exponentially far away for N*=55
8.557183144940002e-05,2.590521415344337e-09,2.590521415344337e-09,1.0,CMB/LSS scales: BIH-VI exit feature is exponentially far away for N*=55
8.858667904100833e-05,2.587731957191007e-09,2.587731957191007e-09,1.0,CMB/LSS scales: BIH-VI exit feature is exponentially far away for N*=55
9.170774506742931e-05,2.584943705216266e-09,2.584943705216266e-09,1.0,CMB/LSS scales: BIH-VI exit feature is exponentially far away for N*=55
9.49387717927582e-05,2.5821566619961147e-09,2.5821566619961147e-09,1.0,CMB/LSS scales: BIH-VI exit feature is exponentially far away for N*=55
9.828363332770031e-05,2.5793708301012574e-09,2.5793708301012574e-09,1.0,CMB/LSS scales: BIH-VI exit feature is exponentially far away for N*=55
0.00010174634027476064,2.576586212097099e-09,2.576586212097099e-09,1.0,CMB/LSS scales: BIH-VI exit feature is exponentially far away for N*=55
0.00010533104453709371,2.573802810543745e-09,2.573802810543745e-09,1.0,CMB/LSS scales: BIH-VI exit feature is exponentially far away for N*=55
0.00010904204429677526,2.5710206279960013e-09,2.5710206279960013e-09,1.0,CMB/LSS scales: BIH-VI exit feature is exponentially far away for N*=55
0.00011288378916846884,2.5682396670033705e-09,2.5682396670033705e-09,1.0,CMB/LSS scales: BIH-VI exit feature is exponentially far away for N*=55
0.00011686088553466509,2.5654599301100504e-09,2.5654599301100504e-09,1.0,CMB/LSS scales: BIH-VI exit feature is exponentially far away for N*=55
0.00012097810206889013,2.5626814198549363e-09,2.5626814198549363e-09,1.0,CMB/LSS scales: BIH-VI exit feature is exponentially far away for N*=55
0.00012524037545350733,2.5599041387716137e-09,2.5599041387716137e-09,1.0,CMB/LSS scales: BIH-VI exit feature is exponentially far away for N*=55
0.00012965281629896688,2.5571280893883643e-09,2.5571280893883643e-09,1.0,CMB/LSS scales: BIH-VI exit feature is exponentially far away for N*=55
0.0001342207152716012,2.554353274228158e-09,2.554353274228158e-09,1.0,CMB/LSS scales: BIH-VI exit feature is exponentially far away for N*=55
0.00013894954943731373,2.5515796958086555e-09,2.5515796958086555e-09,1.0,CMB/LSS scales: BIH-VI exit feature is exponentially far away for N*=55
0.0001438449888287663,2.5488073566422053e-09,2.5488073566422053e-09,1.0,CMB/LSS scales: BIH-VI exit feature is exponentially far away for N*=55
0.00014891290324394086,2.5460362592358455e-09,2.5460362592358455e-09,1.0,CMB/LSS scales: BIH-VI exit feature is exponentially far away for N*=55
0.00015415936928422718,2.5432664060912974e-09,2.5432664060912974e-09,1.0,CMB/LSS scales: BIH-VI exit feature is exponentially far away for N*=55
0.0001595906776404731,2.5404977997049693e-09,2.5404977997049693e-09,1.0,CMB/LSS scales: BIH-VI exit feature is exponentially far away for N*=55
0.000165213340635737,2.5377304425679524e-09,2.5377304425679524e-09,1.0,CMB/LSS scales: BIH-VI exit feature is exponentially far away for N*=55
0.00017103410003378413,2.5349643371660205e-09,2.5349643371660205e-09,1.0,CMB/LSS scales: BIH-VI exit feature is exponentially far away for N*=55
0.0001770599351226898,2.5321994859796305e-09,2.5321994859796305e-09,1.0,CMB/LSS scales: BIH-VI exit feature is exponentially far away for N*=55
0.00018329807108324357,2.5294358914839173e-09,2.5294358914839173e-09,1.0,CMB/LSS scales: BIH-VI exit feature is exponentially far away for N*=55
0.00018975598765218503,2.5266735561486968e-09,2.5266735561486968e-09,1.0,CMB/LSS scales: BIH-VI exit feature is exponentially far away for N*=55
0.00019644142809066266,2.5239124824384632e-09,2.5239124824384632e-09,1.0,CMB/LSS scales: BIH-VI exit feature is exponentially far away for N*=55
0.00020336240846866724,2.521152672812387e-09,2.521152672812387e-09,1.0,CMB/LSS scales: BIH-VI exit feature is exponentially far away for N*=55
0.0002105272272765707,2.518394129724316e-09,2.518394129724316e-09,1.0,CMB/LSS scales: BIH-VI exit feature is exponentially far away for N*=55
0.00021794447537529856,2.5156368556227727e-09,2.5156368556227727e-09,1.0,CMB/LSS scales: BIH-VI exit feature is exponentially far away for N*=55
0.0002256230462970635,2.5128808529509544e-09,2.5128808529509544e-09,1.0,CMB/LSS scales: BIH-VI exit feature is exponentially far away for N*=55
0.00023357214690901212,2.510126124146731e-09,2.510126124146731e-09,1.0,CMB/LSS scales: BIH-VI exit feature is exponentially far away for N*=55
0.00024180130845257206,2.5073726716426445e-09,2.5073726716426445e-09,1.0,CMB/LSS scales: BIH-VI exit feature is exponentially far away for N*=55
0.00025032039797173256,2.5046204978659106e-09,2.5046204978659106e-09,1.0,CMB/LSS scales: BIH-VI exit feature is exponentially far away for N*=55
0.00025913963014396573,2.501869605238412e-09,2.501869605238412e-09,1.0,CMB/LSS scales: BIH-VI exit feature is exponentially far away for N*=55
0.00026826957952797245,2.499119996176704e-09,2.499119996176704e-09,1.0,CMB/LSS scales: BIH-VI exit feature is exponentially far away for N*=55
0.0002777211932429355,2.4963716730920106e-09,2.4963716730920106e-09,1.0,CMB/LSS scales: BIH-VI exit feature is exponentially far away for N*=55
0.000287505804094488,2.4936246383902212e-09,2.4936246383902212e-09,1.0,CMB/LSS scales: BIH-VI exit feature is exponentially far away for N*=55
0.00029763514416313193,2.490878894471895e-09,2.490878894471895e-09,1.0,CMB/LSS scales: BIH-VI exit feature is exponentially far away for N*=55
0.0003081213588714002,2.4881344437322556e-09,2.4881344437322556e-09,1.0,CMB/LSS scales: BIH-VI exit feature is exponentially far away for N*=55
0.0003189770215466322,2.485391288561194e-09,2.485391288561194e-09,1.0,CMB/LSS scales: BIH-VI exit feature is exponentially far away for N*=55
0.00033021514849681757,2.482649431343265e-09,2.482649431343265e-09,1.0,CMB/LSS scales: BIH-VI exit feature is exponentially far away for N*=55
0.0003418492146175927,2.479908874457687e-09,2.479908874457687e-09,1.0,CMB/LSS scales: BIH-VI exit feature is exponentially far away for N*=55
0.0003538931695490988,2.477169620278343e-09,2.477169620278343e-09,1.0,CMB/LSS scales: BIH-VI exit feature is exponentially far away for N*=55
0.0003663614544020716,2.474431671173777e-09,2.474431671173777e-09,1.0,CMB/LSS scales: BIH-VI exit feature is exponentially far away for N*=55
0.000379269019073225,2.471695029507196e-09,2.471695029507196e-09,1.0,CMB/LSS scales: BIH-VI exit feature is exponentially far away for N*=55
0.00039263134017068394,2.468959697636468e-09,2.468959697636468e-09,1.0,CMB/LSS scales: BIH-VI exit feature is exponentially far away for N*=55
0.0004064644395709628,2.4662256779141213e-09,2.4662256779141213e-09,1.0,CMB/LSS scales: BIH-VI exit feature is exponentially far away for N*=55
0.00042078490362974026,2.4634929726873447e-09,2.4634929726873447e-09,1.0,CMB/LSS scales: BIH-VI exit feature is exponentially far away for N*=55
0.0004356099030694608,2.460761584297986e-09,2.460761584297986e-09,1.0,CMB/LSS scales: BIH-VI exit feature is exponentially far away for N*=55
0.0004509572135676144,2.4580315150825517e-09,2.4580315150825517e-09,1.0,CMB/LSS scales: BIH-VI exit feature is exponentially far away for N*=55
0.000466845237070379,2.4553027673722066e-09,2.4553027673722066e-09,1.0,CMB/LSS scales: BIH-VI exit feature is exponentially far away for N*=55
0.0004832930238571752,2.4525753434927728e-09,2.4525753434927728e-09,1.0,CMB/LSS scales: BIH-VI exit feature is exponentially far away for N*=55
0.0005003202953826004,2.44984924576473e-09,2.44984924576473e-09,1.0,CMB/LSS scales: BIH-VI exit feature is exponentially far away for N*=55
0.0005179474679231213,2.447124476503215e-09,2.447124476503215e-09,1.0,CMB/LSS scales: BIH-VI exit feature is exponentially far away for N*=55
0.0005361956770568816,2.4444010380180186e-09,2.4444010380180186e-09,1.0,CMB/LSS scales: BIH-VI exit feature is exponentially far away for N*=55
0.0005550868030059805,2.4416789326135902e-09,2.4416789326135902e-09,1.0,CMB/LSS scales: BIH-VI exit feature is exponentially far away for N*=55
0.0005746434968715974,2.438958162589031e-09,2.438958162589031e-09,1.0,CMB/LSS scales: BIH-VI exit feature is exponentially far away for N*=55
0.0005948892077934331,2.4362387302381e-09,2.4362387302381e-09,1.0,CMB/LSS scales: BIH-VI exit feature is exponentially far away for N*=55
0.0006158482110660261,2.4335206378492076e-09,2.4335206378492076e-09,1.0,CMB/LSS scales: BIH-VI exit feature is exponentially far away for N*=55
0.0006375456372456507,2.4308038877054217e-09,2.4308038877054217e-09,1.0,CMB/LSS scales: BIH-VI exit feature is exponentially far away for N*=55
0.0006600075022827096,2.4280884820844595e-09,2.4280884820844595e-09,1.0,CMB/LSS scales: BIH-VI exit feature is exponentially far away for N*=55
0.0006832607387157405,2.425374423258694e-09,2.425374423258694e-09,1.0,CMB/LSS scales: BIH-VI exit feature is exponentially far away for N*=55
0.0007073332279644439,2.422661713495151e-09,2.422661713495151e-09,1.0,CMB/LSS scales: BIH-VI exit feature is exponentially far away for N*=55
0.0007322538337604533,2.4199503550555077e-09,2.4199503550555077e-09,1.0,CMB/LSS scales: BIH-VI exit feature is exponentially far away for N*=55
0.0007580524367559261,2.4172403501960947e-09,2.4172403501960947e-09,1.0,CMB/LSS scales: BIH-VI exit feature is exponentially far away for N*=55
0.0007847599703514606,2.4145317011678926e-09,2.4145317011678926e-09,1.0,CMB/LSS scales: BIH-VI exit feature is exponentially far away for N*=55
0.0008124084577862965,2.411824410216535e-09,2.411824410216535e-09,1.0,CMB/LSS scales: BIH-VI exit feature is exponentially far away for N*=55
0.0008410310505352604,2.4091184795823068e-09,2.4091184795823068e-09,1.0,CMB/LSS scales: BIH-VI exit feature is exponentially far away for N*=55
0.0008706620680585126,2.4064139115001433e-09,2.4064139115001433e-09,1.0,CMB/LSS scales: BIH-VI exit feature is exponentially far away for N*=55
0.0009013370389517438,2.4037107081996325e-09,2.4037107081996325e-09,1.0,CMB/LSS scales: BIH-VI exit feature is exponentially far away for N*=55
0.0009330927435461663,2.401008871905011e-09,2.401008871905011e-09,1.0,CMB/LSS scales: BIH-VI exit feature is exponentially far away for N*=55
0.0009659672580093833,2.3983084048351665e-09,2.3983084048351665e-09,1.0,CMB/LSS scales: BIH-VI exit feature is exponentially far away for N*=55
0.001,2.3956093092036374e-09,2.3956093092036374e-09,1.0,CMB/LSS scales: BIH-VI exit feature is exponentially far away for N*=55
0.0010352317759307378,2.3929115872186135e-09,2.3929115872186135e-09,1.0,CMB/LSS scales: BIH-VI exit feature is exponentially far away for N*=55
0.0010717048298967103,2.3902152410829316e-09,2.3902152410829316e-09,1.0,CMB/LSS scales: BIH-VI exit feature is exponentially far away for N*=55
0.0011094628943275218,2.387520272994082e-09,2.387520272994082e-09,1.0,CMB/LSS scales: BIH-VI exit feature is exponentially far away for N*=55
0.001148551242423938,2.3848266851442036e-09,2.3848266851442036e-09,1.0,CMB/LSS scales: BIH-VI exit feature is exponentially far away for N*=55
0.0011890167424419898,2.3821344797200838e-09,2.3821344797200838e-09,1.0,CMB/LSS scales: BIH-VI exit feature is exponentially far away for N*=55
0.0012309079138896018,2.3794436589031626e-09,2.3794436589031626e-09,1.0,CMB/LSS scales: BIH-VI exit feature is exponentially far away for N*=55
0.0012742749857031334,2.3767542248695273e-09,2.3767542248695273e-09,1.0,CMB/LSS scales: BIH-VI exit feature is exponentially far away for N*=55
0.0013191699564735716,2.3740661797899158e-09,2.3740661797899158e-09,1.0,CMB/LSS scales: BIH-VI exit feature is exponentially far away for N*=55
0.0013656466567946097,2.371379525829717e-09,2.371379525829717e-09,1.0,CMB/LSS scales: BIH-VI exit feature is exponentially far away for N*=55
0.0014137608138073598,2.368694265148969e-09,2.368694265148969e-09,1.0,CMB/LSS scales: BIH-VI exit feature is exponentially far away for N*=55
0.0014635701180190797,2.3660103999023587e-09,2.3660103999023587e-09,1.0,CMB/LSS scales: BIH-VI exit feature is exponentially far away for N*=55
0.001515134292476053,2.363327932239224e-09,2.363327932239224e-09,1.0,CMB/LSS scales: BIH-VI exit feature is exponentially far away for N*=55
0.0015685151643735477,2.3606468643035533e-09,2.3606468643035533e-09,1.0,CMB/LSS scales: BIH-VI exit feature is exponentially far away for N*=55
0.0016237767391887208,2.3579671982339837e-09,2.3579671982339837e-09,1.0,CMB/LSS scales: BIH-VI exit feature is exponentially far away for N*=55
0.0016809852774253636,2.3552889361638046e-09,2.3552889361638046e-09,1.0,CMB/LSS scales: BIH-VI exit feature is exponentially far away for N*=55
0.001740209374062485,2.3526120802209544e-09,2.3526120802209544e-09,1.0,CMB/LSS scales: BIH-VI exit feature is exponentially far away for N*=55
0.001801520040802024,2.3499366325280215e-09,2.3499366325280215e-09,1.0,CMB/LSS scales: BIH-VI exit feature is exponentially far away for N*=55
0.0018649907912142963,2.347262595202248e-09,2.347262595202248e-09,1.0,CMB/LSS scales: BIH-VI exit feature is exponentially far away for N*=55
0.0019306977288832496,2.344589970355523e-09,2.344589970355523e-09,1.0,CMB/LSS scales: BIH-VI exit feature is exponentially far away for N*=55
0.0019987196386572507,2.3419187600943904e-09,2.3419187600943904e-09,1.0,CMB/LSS scales: BIH-VI exit feature is exponentially far away for N*=55
0.00206913808111479,2.339248966520043e-09,2.339248966520043e-09,1.0,CMB/LSS scales: BIH-VI exit feature is exponentially far away for N*=55
0.002142037490358383,2.3365805917283266e-09,2.3365805917283266e-09,1.0,CMB/LSS scales: BIH-VI exit feature is exponentially far away for N*=55
0.002217505275253932,2.333913637809739e-09,2.333913637809739e-09,1.0,CMB/LSS scales: BIH-VI exit feature is exponentially far away for N*=55
0.0022956319242369095,2.3312481068494285e-09,2.3312481068494285e-09,1.0,CMB/LSS scales: BIH-VI exit feature is exponentially far away for N*=55
0.002376511113811073,2.3285840009271994e-09,2.3285840009271994e-09,1.0,CMB/LSS scales: BIH-VI exit feature is exponentially far away for N*=55
0.002460239820869775,2.3259213221175053e-09,2.3259213221175053e-09,1.0,CMB/LSS scales: BIH-VI exit feature is exponentially far away for N*=55
0.00254691843897454,2.3232600724894544e-09,2.3232600724894544e-09,1.0,CMB/LSS scales: BIH-VI exit feature is exponentially far away for N*=55
0.0026366508987303583,2.320600254106809e-09,2.320600254106809e-09,1.0,CMB/LSS scales: BIH-VI exit feature is exponentially far away for N*=55
0.0027295447924020073,2.3179418690279852e-09,2.3179418690279852e-09,1.0,CMB/LSS scales: BIH-VI exit feature is exponentially far away for N*=55
0.002825711502920827,2.315284919306053e-09,2.315284919306053e-09,1.0,CMB/LSS scales: BIH-VI exit feature is exponentially far away for N*=55
0.0029252663374366447,2.3126294069887377e-09,2.3126294069887377e-09,1.0,CMB/LSS scales: BIH-VI exit feature is exponentially far away for N*=55
0.0030283286655749457,2.309975334118418e-09,2.309975334118418e-09,1.0,CMB/LSS scales: BIH-VI exit feature is exponentially far away for N*=55
0.0031350220625651123,2.307322702732132e-09,2.307322702732132e-09,1.0,CMB/LSS scales: BIH-VI exit feature is exponentially far away for N*=55
0.003245474457411329,2.3046715148615704e-09,2.3046715148615704e-09,1.0,CMB/LSS scales: BIH-VI exit feature is exponentially far away for N*=55
0.003359818286283781,2.302021772533082e-09,2.302021772533082e-09,1.0,CMB/LSS scales: BIH-VI exit feature is exponentially far away for N*=55
0.00347819065131413,2.299373477767672e-09,2.299373477767672e-09,1.0,CMB/LSS scales: BIH-VI exit feature is exponentially far away for N*=55
0.0036007334849856203,2.296726632581005e-09,2.296726632581005e-09,1.0,CMB/LSS scales: BIH-VI exit feature is exponentially far away for N*=55
0.003727593720314938,2.294081238983401e-09,2.294081238983401e-09,1.0,CMB/LSS scales: BIH-VI exit feature is exponentially far away for N*=55
0.003858923467029903,2.291437298979842e-09,2.291437298979842e-09,1.0,CMB/LSS scales: BIH-VI exit feature is exponentially far away for N*=55
0.0039948801939541706,2.288794814569967e-09,2.288794814569967e-09,1.0,CMB/LSS scales: BIH-VI exit feature is exponentially far away for N*=55
0.004135626917817706,2.2861537877480758e-09,2.2861537877480758e-09,1.0,CMB/LSS scales: BIH-VI exit feature is exponentially far away for N*=55
0.004281332398719391,2.2835142205031284e-09,2.2835142205031284e-09,1.0,CMB/LSS scales: BIH-VI exit feature is exponentially far away for N*=55
0.004432171342476085,2.2808761148187464e-09,2.2808761148187464e-09,1.0,CMB/LSS scales: BIH-VI exit feature is exponentially far away for N*=55
0.004588324610100845,2.278239472673212e-09,2.278239472673212e-09,1.0,CMB/LSS scales: BIH-VI exit feature is exponentially far away for N*=55
0.004749979434661412,2.275604296039472e-09,2.275604296039472e-09,1.0,CMB/LSS scales: BIH-VI exit feature is exponentially far away for N*=55
0.004917329645779016,2.272970586885136e-09,2.272970586885136e-09,1.0,CMB/LSS scales: BIH-VI exit feature is exponentially far away for N*=55
0.005090575902036681,2.2703383471724743e-09,2.2703383471724743e-09,1.0,CMB/LSS scales: BIH-VI exit feature is exponentially far away for N*=55
0.005269925931575656,2.2677075788584264e-09,2.2677075788584264e-09,1.0,CMB/LSS scales: BIH-VI exit feature is exponentially far away for N*=55
0.005455594781168515,2.265078283894594e-09,2.265078283894594e-09,1.0,CMB/LSS scales: BIH-VI exit feature is exponentially far away for N*=55
0.005647805074067551,2.2624504642272467e-09,2.2624504642272467e-09,1.0,CMB/LSS scales: BIH-VI exit feature is exponentially far away for N*=55
0.005846787276937589,2.2598241217973194e-09,2.2598241217973194e-09,1.0,CMB/LSS scales: BIH-VI exit feature is exponentially far away for N*=55
0.0060527799761933496,2.257199258540416e-09,2.257199258540416e-09,1.0,CMB/LSS scales: BIH-VI exit feature is exponentially far away for N*=55
0.006266030164072656,2.254575876386808e-09,2.254575876386808e-09,1.0,CMB/LSS scales: BIH-VI exit feature is exponentially far away for N*=55
0.006486793534788508,2.2519539772614364e-09,2.2519539772614364e-09,1.0,CMB/LSS scales: BIH-VI exit feature is exponentially far away for N*=55
0.006715334791115142,2.249333563083913e-09,2.249333563083913e-09,1.0,CMB/LSS scales: BIH-VI exit feature is exponentially far away for N*=55
0.0069519279617756054,2.2467146357685195e-09,2.2467146357685195e-09,1.0,CMB/LSS scales: BIH-VI exit feature is exponentially far away for N*=55
0.007196856730011514,2.244097197224211e-09,2.244097197224211e-09,1.0,CMB/LSS scales: BIH-VI exit feature is exponentially far away for N*=55
0.007450414773728909,2.2414812493546134e-09,2.2414812493546134e-09,1.0,CMB/LSS scales: BIH-VI exit feature is exponentially far away for N*=55
0.007712906117627993,2.2388667940580283e-09,2.2388667940580283e-09,1.0,CMB/LSS scales: BIH-VI exit feature is exponentially far away for N*=55
0.007984645497739086,2.2362538332274304e-09,2.2362538332274304e-09,1.0,CMB/LSS scales: BIH-VI exit feature is exponentially far away for N*=55
0.008265958738801812,2.2336423687504706e-09,2.2336423687504706e-09,1.0,CMB/LSS scales: BIH-VI exit feature is exponentially far away for N*=55
0.008557183144940002,2.2310324025094772e-09,2.2310324025094772e-09,1.0,CMB/LSS scales: BIH-VI exit feature is exponentially far away for N*=55
0.008858667904100823,2.228423936381454e-09,2.228423936381454e-09,1.0,CMB/LSS scales: BIH-VI exit feature is exponentially far away for N*=55
0.00917077450674293,2.2258169722380856e-09,2.2258169722380856e-09,1.0,CMB/LSS scales: BIH-VI exit feature is exponentially far away for N*=55
0.00949387717927582,2.2232115119457337e-09,2.2232115119457337e-09,1.0,CMB/LSS scales: BIH-VI exit feature is exponentially far away for N*=55
0.00982836333277002,2.2206075573654435e-09,2.2206075573654435e-09,1.0,CMB/LSS scales: BIH-VI exit feature is exponentially far away for N*=55
0.010174634027476063,2.218005110352939e-09,2.218005110352939e-09,1.0,CMB/LSS scales: BIH-VI exit feature is exponentially far away for N*=55
0.01053310445370937,2.2154041727586293e-09,2.2154041727586293e-09,1.0,CMB/LSS scales: BIH-VI exit feature is exponentially far away for N*=55
0.010904204429677527,2.2128047464276054e-09,2.2128047464276054e-09,1.0,CMB/LSS scales: BIH-VI exit feature is exponentially far away for N*=55
0.011288378916846883,2.2102068331996443e-09,2.2102068331996443e-09,1.0,CMB/LSS scales: BIH-VI exit feature is exponentially far away for N*=55
0.01168608855346651,2.207610434909209e-09,2.207610434909209e-09,1.0,CMB/LSS scales: BIH-VI exit feature is exponentially far away for N*=55
0.012097810206889013,2.2050155533854494e-09,2.2050155533854494e-09,1.0,CMB/LSS scales: BIH-VI exit feature is exponentially far away for N*=55
0.01252403754535072,2.202422190452203e-09,2.202422190452203e-09,1.0,CMB/LSS scales: BIH-VI exit feature is exponentially far away for N*=55
0.012965281629896675,2.199830347927998e-09,2.199830347927998e-09,1.0,CMB/LSS scales: BIH-VI exit feature is exponentially far away for N*=55
0.01342207152716012,2.1972400276260534e-09,2.1972400276260534e-09,1.0,CMB/LSS scales: BIH-VI exit feature is exponentially far away for N*=55
0.013894954943731374,2.194651231354279e-09,2.194651231354279e-09,1.0,CMB/LSS scales: BIH-VI exit feature is exponentially far away for N*=55
0.01438449888287663,2.192063960915278e-09,2.192063960915278e-09,1.0,CMB/LSS scales: BIH-VI exit feature is exponentially far away for N*=55
0.014891290324394088,2.1894782181063488e-09,2.1894782181063488e-09,1.0,CMB/LSS scales: BIH-VI exit feature is exponentially far away for N*=55
0.015415936928422719,2.186894004719484e-09,2.186894004719484e-09,1.0,CMB/LSS scales: BIH-VI exit feature is exponentially far away for N*=55
0.01595906776404731,2.1843113225413747e-09,2.1843113225413747e-09,1.0,CMB/LSS scales: BIH-VI exit feature is exponentially far away for N*=55
0.016521334063573683,2.1817301733534094e-09,2.1817301733534094e-09,1.0,CMB/LSS scales: BIH-VI exit feature is exponentially far away for N*=55
0.017103410003378394,2.1791505589316754e-09,2.1791505589316754e-09,1.0,CMB/LSS scales: BIH-VI exit feature is exponentially far away for N*=55
0.01770599351226898,2.1765724810469616e-09,2.1765724810469616e-09,1.0,CMB/LSS scales: BIH-VI exit feature is exponentially far away for N*=55
0.018329807108324356,2.17399594146476e-09,2.17399594146476e-09,1.0,CMB/LSS scales: BIH-VI exit feature is exponentially far away for N*=55
0.018975598765218503,2.1714209419452645e-09,2.1714209419452645e-09,1.0,CMB/LSS scales: BIH-VI exit feature is exponentially far away for N*=55
0.019644142809066265,2.168847484243374e-09,2.168847484243374e-09,1.0,CMB/LSS scales: BIH-VI exit feature is exponentially far away for N*=55
0.020336240846866725,2.166275570108695e-09,2.166275570108695e-09,1.0,CMB/LSS scales: BIH-VI exit feature is exponentially far away for N*=55
0.02105272272765707,2.1637052012855403e-09,2.1637052012855403e-09,1.0,CMB/LSS scales: BIH-VI exit feature is exponentially far away for N*=55
0.021794447537529835,2.161136379512933e-09,2.161136379512933e-09,1.0,CMB/LSS scales: BIH-VI exit feature is exponentially far away for N*=55
0.022562304629706327,2.1585691065246063e-09,2.1585691065246063e-09,1.0,CMB/LSS scales: BIH-VI exit feature is exponentially far away for N*=55
0.023357214690901212,2.1560033840490054e-09,2.1560033840490054e-09,1.0,CMB/LSS scales: BIH-VI exit feature is exponentially far away for N*=55
0.024180130845257206,2.153439213809288e-09,2.153439213809288e-09,1.0,CMB/LSS scales: BIH-VI exit feature is exponentially far away for N*=55
0.025032039797173253,2.150876597523329e-09,2.150876597523329e-09,1.0,CMB/LSS scales: BIH-VI exit feature is exponentially far away for N*=55
0.025913963014396572,2.148315536903718e-09,2.148315536903718e-09,1.0,CMB/LSS scales: BIH-VI exit feature is exponentially far away for N*=55
0.026826957952797246,2.1457560336577634e-09,2.1457560336577634e-09,1.0,CMB/LSS scales: BIH-VI exit feature is exponentially far away for N*=55
0.02777211932429355,2.143198089487493e-09,2.143198089487493e-09,1.0,CMB/LSS scales: BIH-VI exit feature is exponentially far away for N*=55
0.02875058040944877,2.1406417060896564e-09,2.1406417060896564e-09,1.0,CMB/LSS scales: BIH-VI exit feature is exponentially far away for N*=55
0.029763514416313162,2.1380868851557247e-09,2.1380868851557247e-09,1.0,CMB/LSS scales: BIH-VI exit feature is exponentially far away for N*=55
0.030812135887140022,2.1355336283718937e-09,2.1355336283718937e-09,1.0,CMB/LSS scales: BIH-VI exit feature is exponentially far away for N*=55
0.03189770215466321,2.1329819374190862e-09,2.1329819374190862e-09,1.0,CMB/LSS scales: BIH-VI exit feature is exponentially far away for N*=55
0.03302151484968176,2.130431813972951e-09,2.130431813972951e-09,1.0,CMB/LSS scales: BIH-VI exit feature is exponentially far away for N*=55
0.03418492146175927,2.1278832597038676e-09,2.1278832597038676e-09,1.0,CMB/LSS scales: BIH-VI exit feature is exponentially far away for N*=55
0.03538931695490988,2.125336276276945e-09,2.125336276276945e-09,1.0,CMB/LSS scales: BIH-VI exit feature is exponentially far away for N*=55
0.036636145440207164,2.1227908653520244e-09,2.1227908653520244e-09,1.0,CMB/LSS scales: BIH-VI exit feature is exponentially far away for N*=55
0.03792690190732246,2.120247028583684e-09,2.120247028583684e-09,1.0,CMB/LSS scales: BIH-VI exit feature is exponentially far away for N*=55
0.03926313401706836,2.117704767621235e-09,2.117704767621235e-09,1.0,CMB/LSS scales: BIH-VI exit feature is exponentially far away for N*=55
0.040646443957096275,2.1151640841087276e-09,2.1151640841087276e-09,1.0,CMB/LSS scales: BIH-VI exit feature is exponentially far away for N*=55
0.04207849036297403,2.1126249796849513e-09,2.1126249796849513e-09,1.0,CMB/LSS scales: BIH-VI exit feature is exponentially far away for N*=55
0.04356099030694608,2.110087455983435e-09,2.110087455983435e-09,1.0,CMB/LSS scales: BIH-VI exit feature is exponentially far away for N*=55
0.045095721356761445,2.1075515146324543e-09,2.1075515146324543e-09,1.0,CMB/LSS scales: BIH-VI exit feature is exponentially far away for N*=55
0.0466845237070379,2.1050171572550255e-09,2.1050171572550255e-09,1.0,CMB/LSS scales: BIH-VI exit feature is exponentially far away for N*=55
0.04832930238571752,2.1024843854689146e-09,2.1024843854689146e-09,1.0,CMB/LSS scales: BIH-VI exit feature is exponentially far away for N*=55
0.05003202953825999,2.099953200886633e-09,2.099953200886633e-09,1.0,CMB/LSS scales: BIH-VI exit feature is exponentially far away for N*=55
0.05179474679231207,2.097423605115445e-09,2.097423605115445e-09,1.0,CMB/LSS scales: BIH-VI exit feature is exponentially far away for N*=55
0.05361956770568817,2.0948955997573645e-09,2.0948955997573645e-09,1.0,CMB/LSS scales: BIH-VI exit feature is exponentially far away for N*=55
0.05550868030059805,2.092369186409161e-09,2.092369186409161e-09,1.0,CMB/LSS scales: BIH-VI exit feature is exponentially far away for N*=55
0.05746434968715974,2.08984436666236e-09,2.08984436666236e-09,1.0,CMB/LSS scales: BIH-VI exit feature is exponentially far away for N*=55
0.05948892077934331,2.0873211421032423e-09,2.0873211421032423e-09,1.0,CMB/LSS scales: BIH-VI exit feature is exponentially far away for N*=55
0.06158482110660261,2.0847995143128512e-09,2.0847995143128512e-09,1.0,CMB/LSS scales: BIH-VI exit feature is exponentially far away for N*=55
0.06375456372456506,2.0822794848669894e-09,2.0822794848669894e-09,1.0,CMB/LSS scales: BIH-VI exit feature is exponentially far away for N*=55
0.06600075022827089,2.0797610553362246e-09,2.0797610553362246e-09,1.0,CMB/LSS scales: BIH-VI exit feature is exponentially far away for N*=55
0.06832607387157398,2.077244227285889e-09,2.077244227285889e-09,1.0,CMB/LSS scales: BIH-VI exit feature is exponentially far away for N*=55
0.07073332279644438,2.0747290022760814e-09,2.0747290022760814e-09,1.0,CMB/LSS scales: BIH-VI exit feature is exponentially far away for N*=55
0.07322538337604534,2.0722153818616723e-09,2.0722153818616723e-09,1.0,CMB/LSS scales: BIH-VI exit feature is exponentially far away for N*=55
0.07580524367559262,2.0697033675923017e-09,2.0697033675923017e-09,1.0,CMB/LSS scales: BIH-VI exit feature is exponentially far away for N*=55
0.07847599703514607,2.067192961012384e-09,2.067192961012384e-09,1.0,CMB/LSS scales: BIH-VI exit feature is exponentially far away for N*=55
0.08124084577862965,2.0646841636611083e-09,2.0646841636611083e-09,1.0,CMB/LSS scales: BIH-VI exit feature is exponentially far away for N*=55
0.08410310505352604,2.0621769770724418e-09,2.0621769770724418e-09,1.0,CMB/LSS scales: BIH-VI exit feature is exponentially far away for N*=55
0.08706620680585117,2.0596714027751316e-09,2.0596714027751316e-09,1.0,CMB/LSS scales: BIH-VI exit feature is exponentially far away for N*=55
0.09013370389517429,2.057167442292706e-09,2.057167442292706e-09,1.0,CMB/LSS scales: BIH-VI exit feature is exponentially far away for N*=55
0.09330927435461664,2.054665097143477e-09,2.054665097143477e-09,1.0,CMB/LSS scales: BIH-VI exit feature is exponentially far away for N*=55
0.09659672580093832,2.0521643688405425e-09,2.0521643688405425e-09,1.0,CMB/LSS scales: BIH-VI exit feature is exponentially far away for N*=55
0.1,2.0496652588917893e-09,2.0496652588917893e-09,1.0,CMB/LSS scales: BIH-VI exit feature is exponentially far away for N*=55
0.10352317759307378,2.0471677687998944e-09,2.0471677687998944e-09,1.0,CMB/LSS scales: BIH-VI exit feature is exponentially far away for N*=55
0.10717048298967093,2.0446719000623255e-09,2.0446719000623255e-09,1.0,CMB/LSS scales: BIH-VI exit feature is exponentially far away for N*=55
0.11094628943275218,2.0421776541713467e-09,2.0421776541713467e-09,1.0,CMB/LSS scales: BIH-VI exit feature is exponentially far away for N*=55
0.11485512424239368,2.0396850326140177e-09,2.0396850326140177e-09,1.0,CMB/LSS scales: BIH-VI exit feature is exponentially far away for N*=55
0.118901674244199,2.037194036872198e-09,2.037194036872198e-09,1.0,CMB/LSS scales: BIH-VI exit feature is exponentially far away for N*=55
0.12309079138896019,2.0347046684225483e-09,2.0347046684225483e-09,1.0,CMB/LSS scales: BIH-VI exit feature is exponentially far away for N*=55
0.1274274985703132,2.032216928736532e-09,2.032216928736532e-09,1.0,CMB/LSS scales: BIH-VI exit feature is exponentially far away for N*=55
0.13191699564735718,2.0297308192804187e-09,2.0297308192804187e-09,1.0,CMB/LSS scales: BIH-VI exit feature is exponentially far away for N*=55
0.13656466567946096,2.0272463415152864e-09,2.0272463415152864e-09,1.0,CMB/LSS scales: BIH-VI exit feature is exponentially far away for N*=55
0.14137608138073612,2.024763496897023e-09,2.024763496897023e-09,1.0,CMB/LSS scales: BIH-VI exit feature is exponentially far away for N*=55
0.14635701180190797,2.0222822868763276e-09,2.0222822868763276e-09,1.0,CMB/LSS scales: BIH-VI exit feature is exponentially far away for N*=55
0.15151342924760514,2.0198027128987174e-09,2.0198027128987174e-09,1.0,CMB/LSS scales: BIH-VI exit feature is exponentially far away for N*=55
0.1568515164373548,2.017324776404524e-09,2.017324776404524e-09,1.0,CMB/LSS scales: BIH-VI exit feature is exponentially far away for N*=55
0.1623776739188721,2.0148484788288994e-09,2.0148484788288994e-09,1.0,CMB/LSS scales: BIH-VI exit feature is exponentially far away for N*=55
0.1680985277425362,2.0123738216018185e-09,2.0123738216018185e-09,1.0,CMB/LSS scales: BIH-VI exit feature is exponentially far away for N*=55
0.1740209374062485,2.009900806148079e-09,2.009900806148079e-09,1.0,CMB/LSS scales: BIH-VI exit feature is exponentially far away for N*=55
0.18015200408020238,2.007429433887307e-09,2.007429433887307e-09,1.0,CMB/LSS scales: BIH-VI exit feature is exponentially far away for N*=55
0.18649907912142943,2.004959706233956e-09,2.004959706233956e-09,1.0,CMB/LSS scales: BIH-VI exit feature is exponentially far away for N*=55
0.19306977288832497,2.0024916245973126e-09,2.0024916245973126e-09,1.0,CMB/LSS scales: BIH-VI exit feature is exponentially far away for N*=55
0.19987196386572484,2.0000251903814966e-09,2.0000251903814966e-09,1.0,CMB/LSS scales: BIH-VI exit feature is exponentially far away for N*=55
0.20691380811147903,1.997560404985464e-09,1.997560404985464e-09,1.0,CMB/LSS scales: BIH-VI exit feature is exponentially far away for N*=55
0.2142037490358383,1.9950972698030106e-09,1.9950972698030106e-09,1.0,CMB/LSS scales: BIH-VI exit feature is exponentially far away for N*=55
0.22175052752539295,1.9926357862227735e-09,1.9926357862227735e-09,1.0,CMB/LSS scales: BIH-VI exit feature is exponentially far away for N*=55
0.22956319242369097,1.990175955628233e-09,1.990175955628233e-09,1.0,CMB/LSS scales: BIH-VI exit feature is exponentially far away for N*=55
0.23765111138110728,1.9877177793977164e-09,1.9877177793977164e-09,1.0,CMB/LSS scales: BIH-VI exit feature is exponentially far away for N*=55
0.24602398208697776,1.9852612589043998e-09,1.9852612589043998e-09,1.0,CMB/LSS scales: BIH-VI exit feature is exponentially far away for N*=55
0.254691843897454,1.982806395516311e-09,1.982806395516311e-09,1.0,CMB/LSS scales: BIH-VI exit feature is exponentially far away for N*=55
0.26366508987303555,1.980353190596332e-09,1.980353190596332e-09,1.0,CMB/LSS scales: BIH-VI exit feature is exponentially far away for N*=55
0.2729544792402007,1.9779016455022005e-09,1.9779016455022005e-09,1.0,CMB/LSS scales: BIH-VI exit feature is exponentially far away for N*=55
0.2825711502920827,1.9754517615865153e-09,1.9754517615865153e-09,1.0,CMB/LSS scales: BIH-VI exit feature is exponentially far away for N*=55
0.29252663374366417,1.973003540196735e-09,1.973003540196735e-09,1.0,CMB/LSS scales: BIH-VI exit feature is exponentially far away for N*=55
0.3028328665574946,1.970556982675184e-09,1.970556982675184e-09,1.0,CMB/LSS scales: BIH-VI exit feature is exponentially far away for N*=55
0.3135022062565112,1.9681120903590536e-09,1.9681120903590536e-09,1.0,CMB/LSS scales: BIH-VI exit feature is exponentially far away for N*=55
0.32454744574113253,1.9656688645804045e-09,1.9656688645804045e-09,1.0,CMB/LSS scales: BIH-VI exit feature is exponentially far away for N*=55
0.3359818286283781,1.9632273066661696e-09,1.9632273066661696e-09,1.0,CMB/LSS scales: BIH-VI exit feature is exponentially far away for N*=55
0.34781906513141264,1.9607874179381575e-09,1.9607874179381575e-09,1.0,CMB/LSS scales: BIH-VI exit feature is exponentially far away for N*=55
0.360073348498562,1.958349199713054e-09,1.958349199713054e-09,1.0,CMB/LSS scales: BIH-VI exit feature is exponentially far away for N*=55
0.3727593720314938,1.9559126533024265e-09,1.9559126533024265e-09,1.0,CMB/LSS scales: BIH-VI exit feature is exponentially far away for N*=55
0.3858923467029899,1.9534777800127247e-09,1.9534777800127247e-09,1.0,CMB/LSS scales: BIH-VI exit feature is exponentially far away for N*=55
0.399488019395417,1.9510445811452837e-09,1.9510445811452837e-09,1.0,CMB/LSS scales: BIH-VI exit feature is exponentially far away for N*=55
0.4135626917817706,1.9486130579963286e-09,1.9486130579963286e-09,1.0,CMB/LSS scales: BIH-VI exit feature is exponentially far away for N*=55
0.4281332398719396,1.9461832118569746e-09,1.9461832118569746e-09,1.0,CMB/LSS scales: BIH-VI exit feature is exponentially far away for N*=55
0.44321713424760856,1.9437550440132327e-09,1.9437550440132327e-09,1.0,CMB/LSS scales: BIH-VI exit feature is exponentially far away for N*=55
0.458832461010084,1.9413285557460096e-09,1.9413285557460096e-09,1.0,CMB/LSS scales: BIH-VI exit feature is exponentially far away for N*=55
0.4749979434661412,1.938903748331112e-09,1.938903748331112e-09,1.0,CMB/LSS scales: BIH-VI exit feature is exponentially far away for N*=55
0.49173296457790155,1.9364806230392508e-09,1.9364806230392508e-09,1.0,CMB/LSS scales: BIH-VI exit feature is exponentially far away for N*=55
0.5090575902036676,1.93405918113604e-09,1.93405918113604e-09,1.0,CMB/LSS scales: BIH-VI exit feature is exponentially far away for N*=55
0.5269925931575656,1.931639423882003e-09,1.931639423882003e-09,1.0,CMB/LSS scales: BIH-VI exit feature is exponentially far away for N*=55
0.5455594781168515,1.929221352532575e-09,1.929221352532575e-09,1.0,CMB/LSS scales: BIH-VI exit feature is exponentially far away for N*=55
0.5647805074067546,1.9268049683381044e-09,1.9268049683381044e-09,1.0,CMB/LSS scales: BIH-VI exit feature is exponentially far away for N*=55
0.584678727693759,1.924390272543857e-09,1.924390272543857e-09,1.0,CMB/LSS scales: BIH-VI exit feature is exponentially far away for N*=55
0.6052779976193343,1.9219772663900184e-09,1.9219772663900184e-09,1.0,CMB/LSS scales: BIH-VI exit feature is exponentially far away for N*=55
0.6266030164072656,1.919565951111697e-09,1.919565951111697e-09,1.0,CMB/LSS scales: BIH-VI exit feature is exponentially far away for N*=55
0.6486793534788508,1.917156327938927e-09,1.917156327938927e-09,1.0,CMB/LSS scales: BIH-VI exit feature is exponentially far away for N*=55
0.6715334791115135,1.9147483980966708e-09,1.9147483980966708e-09,1.0,CMB/LSS scales: BIH-VI exit feature is exponentially far away for N*=55
0.6951927961775606,1.912342162804823e-09,1.912342162804823e-09,1.0,CMB/LSS scales: BIH-VI exit feature is exponentially far away for N*=55
0.7196856730011514,1.9099376232782126e-09,1.9099376232782126e-09,1.0,CMB/LSS scales: BIH-VI exit feature is exponentially far away for N*=55
0.7450414773728917,1.907534780726606e-09,1.907534780726606e-09,1.0,CMB/LSS scales: BIH-VI exit feature is exponentially far away for N*=55
0.7712906117627992,1.9051336363547107e-09,1.9051336363547107e-09,1.0,CMB/LSS scales: BIH-VI exit feature is exponentially far away for N*=55
0.7984645497739078,1.902734191362177e-09,1.902734191362177e-09,1.0,CMB/LSS scales: BIH-VI exit feature is exponentially far away for N*=55
0.8265958738801813,1.9003364469436026e-09,1.9003364469436026e-09,1.0,CMB/LSS scales: BIH-VI exit feature is exponentially far away for N*=55
0.8557183144940002,1.8979404042885343e-09,1.8979404042885343e-09,1.0,CMB/LSS scales: BIH-VI exit feature is exponentially far away for N*=55
0.8858667904100814,1.895546064581473e-09,1.895546064581473e-09,1.0,CMB/LSS scales: BIH-VI exit feature is exponentially far away for N*=55
0.9170774506742931,1.893153429001873e-09,1.893153429001873e-09,1.0,CMB/LSS scales: BIH-VI exit feature is exponentially far away for N*=55
0.949387717927582,1.8907624987241493e-09,1.8907624987241493e-09,1.0,CMB/LSS scales: BIH-VI exit feature is exponentially far away for N*=55
0.982836333277001,1.8883732749176794e-09,1.8883732749176794e-09,1.0,CMB/LSS scales: BIH-VI exit feature is exponentially far away for N*=55
1.0174634027476064,1.8859857587468033e-09,1.8859857587468033e-09,1.0,CMB/LSS scales: BIH-VI exit feature is exponentially far away for N*=55
1.053310445370936,1.8835999513708322e-09,1.8835999513708322e-09,1.0,CMB/LSS scales: BIH-VI exit feature is exponentially far away for N*=55
1.0904204429677526,1.881215853944047e-09,1.881215853944047e-09,1.0,CMB/LSS scales: BIH-VI exit feature is exponentially far away for N*=55
1.1288378916846884,1.8788334676157033e-09,1.8788334676157033e-09,1.0,CMB/LSS scales: BIH-VI exit feature is exponentially far away for N*=55
1.1686088553466496,1.876452793530035e-09,1.876452793530035e-09,1.0,CMB/LSS scales: BIH-VI exit feature is exponentially far away for N*=55
1.2097810206889013,1.874073832826256e-09,1.874073832826256e-09,1.0,CMB/LSS scales: BIH-VI exit feature is exponentially far away for N*=55
1.252403754535072,1.871696586638565e-09,1.871696586638565e-09,1.0,CMB/LSS scales: BIH-VI exit feature is exponentially far away for N*=55
1.2965281629896688,1.869321056096148e-09,1.869321056096148e-09,1.0,CMB/LSS scales: BIH-VI exit feature is exponentially far away for N*=55
1.342207152716012,1.8669472423231808e-09,1.8669472423231808e-09,1.0,CMB/LSS scales: BIH-VI exit feature is exponentially far away for N*=55
1.389495494373136,1.864575146438833e-09,1.864575146438833e-09,1.0,CMB/LSS scales: BIH-VI exit feature is exponentially far away for N*=55
1.438449888287663,1.8622047695572725e-09,1.8622047695572725e-09,1.0,CMB/LSS scales: BIH-VI exit feature is exponentially far away for N*=55
1.4891290324394086,1.859836112787666e-09,1.859836112787666e-09,1.0,CMB/LSS scales: BIH-VI exit feature is exponentially far away for N*=55
1.5415936928422702,1.8574691772341835e-09,1.8574691772341835e-09,1.0,CMB/LSS scales: BIH-VI exit feature is exponentially far away for N*=55
1.595906776404731,1.855103963996003e-09,1.855103963996003e-09,1.0,CMB/LSS scales: BIH-VI exit feature is exponentially far away for N*=55
1.6521334063573685,1.8527404741673123e-09,1.8527404741673123e-09,1.0,CMB/LSS scales: BIH-VI exit feature is exponentially far away for N*=55
1.7103410003378379,1.850378708837312e-09,1.850378708837312e-09,1.0,CMB/LSS scales: BIH-VI exit feature is exponentially far away for N*=55
1.770599351226898,1.8480186690902197e-09,1.8480186690902197e-09,1.0,CMB/LSS scales: BIH-VI exit feature is exponentially far away for N*=55
1.8329807108324339,1.8456603560052733e-09,1.8456603560052733e-09,1.0,CMB/LSS scales: BIH-VI exit feature is exponentially far away for N*=55
1.8975598765218504,1.8433037706567335e-09,1.8433037706567335e-09,1.0,CMB/LSS scales: BIH-VI exit feature is exponentially far away for N*=55
1.9644142809066267,1.8409489141138887e-09,1.8409489141138887e-09,1.0,CMB/LSS scales: BIH-VI exit feature is exponentially far away for N*=55
2.03362408468667,1.838595787441057e-09,1.838595787441057e-09,1.0,CMB/LSS scales: BIH-VI exit feature is exponentially far away for N*=55
2.105272272765707,1.8362443916975894e-09,1.8362443916975894e-09,1.0,CMB/LSS scales: BIH-VI exit feature is exponentially far away for N*=55
2.1794447537529833,1.8338947279378755e-09,1.8338947279378755e-09,1.0,CMB/LSS scales: BIH-VI exit feature is exponentially far away for N*=55
2.256230462970635,1.8315467972113433e-09,1.8315467972113433e-09,1.0,CMB/LSS scales: BIH-VI exit feature is exponentially far away for N*=55
2.3357214690901213,1.829200600562466e-09,1.829200600562466e-09,1.0,CMB/LSS scales: BIH-VI exit feature is exponentially far away for N*=55
2.418013084525718,1.826856139030764e-09,1.826856139030764e-09,1.0,CMB/LSS scales: BIH-VI exit feature is exponentially far away for N*=55
2.5032039797173256,1.824513413650807e-09,1.824513413650807e-09,1.0,CMB/LSS scales: BIH-VI exit feature is exponentially far away for N*=55
2.5913963014396573,1.822172425452221e-09,1.822172425452221e-09,1.0,CMB/LSS scales: BIH-VI exit feature is exponentially far away for N*=55
2.682695795279722,1.8198331754596875e-09,1.8198331754596875e-09,1.0,CMB/LSS scales: BIH-VI exit feature is exponentially far away for N*=55
2.777211932429355,1.8174956646929506e-09,1.8174956646929506e-09,1.0,CMB/LSS scales: BIH-VI exit feature is exponentially far away for N*=55
2.8750580409448774,1.8151598941668184e-09,1.8151598941668184e-09,1.0,CMB/LSS scales: BIH-VI exit feature is exponentially far away for N*=55
2.976351441631313,1.812825864891168e-09,1.812825864891168e-09,1.0,CMB/LSS scales: BIH-VI exit feature is exponentially far away for N*=55
3.081213588714002,1.8104935778709468e-09,1.8104935778709468e-09,1.0,CMB/LSS scales: BIH-VI exit feature is exponentially far away for N*=55
3.1897702154663183,1.8081630341061783e-09,1.8081630341061783e-09,1.0,CMB/LSS scales: BIH-VI exit feature is exponentially far away for N*=55
3.3021514849681757,1.8058342345919647e-09,1.8058342345919647e-09,1.0,CMB/LSS scales: BIH-VI exit feature is exponentially far away for N*=55
3.418492146175927,1.803507180318491e-09,1.803507180318491e-09,1.0,CMB/LSS scales: BIH-VI exit feature is exponentially far away for N*=55
3.538931695490984,1.801181872271027e-09,1.801181872271027e-09,1.0,CMB/LSS scales: BIH-VI exit feature is exponentially far away for N*=55
3.663614544020716,1.7988583114299335e-09,1.7988583114299335e-09,1.0,CMB/LSS scales: BIH-VI exit feature is exponentially far away for N*=55
3.792690190732246,1.796536498770663e-09,1.796536498770663e-09,1.0,CMB/LSS scales: BIH-VI exit feature is exponentially far away for N*=55
3.9263134017068397,1.7942164352637655e-09,1.7942164352637655e-09,1.0,CMB/LSS scales: BIH-VI exit feature is exponentially far away for N*=55
4.064644395709628,1.7918981218748916e-09,1.7918981218748916e-09,1.0,CMB/LSS scales: BIH-VI exit feature is exponentially far away for N*=55
4.207849036297398,1.7895815595647955e-09,1.7895815595647955e-09,1.0,CMB/LSS scales: BIH-VI exit feature is exponentially far away for N*=55
4.356099030694608,1.7872667492893391e-09,1.7872667492893391e-09,1.0,CMB/LSS scales: BIH-VI exit feature is exponentially far away for N*=55
4.5095721356761445,1.7849536919994962e-09,1.7849536919994962e-09,1.0,CMB/LSS scales: BIH-VI exit feature is exponentially far away for N*=55
4.668452370703785,1.7826423886413549e-09,1.7826423886413549e-09,1.0,CMB/LSS scales: BIH-VI exit feature is exponentially far away for N*=55
4.832930238571752,1.7803328401561223e-09,1.7803328401561223e-09,1.0,CMB/LSS scales: BIH-VI exit feature is exponentially far away for N*=55
5.003202953825999,1.7780250474801283e-09,1.7780250474801283e-09,1.0,CMB/LSS scales: BIH-VI exit feature is exponentially far away for N*=55
5.179474679231202,1.7757190115448287e-09,1.7757190115448287e-09,1.0,CMB/LSS scales: BIH-VI exit feature is exponentially far away for N*=55
5.361956770568817,1.7734147332768085e-09,1.7734147332768085e-09,1.0,CMB/LSS scales: BIH-VI exit feature is exponentially far away for N*=55
5.5508680300597995,1.7711122135977878e-09,1.7711122135977878e-09,1.0,CMB/LSS scales: BIH-VI exit feature is exponentially far away for N*=55
5.746434968715974,1.7688114534246227e-09,1.7688114534246227e-09,1.0,CMB/LSS scales: BIH-VI exit feature is exponentially far away for N*=55
5.948892077934331,1.7665124536693113e-09,1.7665124536693113e-09,1.0,CMB/LSS scales: BIH-VI exit feature is exponentially far away for N*=55
6.1584821106602545,1.764215215238996e-09,1.764215215238996e-09,1.0,CMB/LSS scales: BIH-VI exit feature is exponentially far away for N*=55
6.375456372456506,1.7619197390359683e-09,1.7619197390359683e-09,1.0,CMB/LSS scales: BIH-VI exit feature is exponentially far away for N*=55
6.600075022827088,1.7596260259576723e-09,1.7596260259576723e-09,1.0,CMB/LSS scales: BIH-VI exit feature is exponentially far away for N*=55
6.832607387157405,1.7573340768967076e-09,1.7573340768967076e-09,1.0,CMB/LSS scales: BIH-VI exit feature is exponentially far away for N*=55
7.073332279644439,1.7550438927408354e-09,1.7550438927408354e-09,1.0,CMB/LSS scales: BIH-VI exit feature is exponentially far away for N*=55
7.322538337604526,1.7527554743729796e-09,1.7527554743729796e-09,1.0,CMB/LSS scales: BIH-VI exit feature is exponentially far away for N*=55
7.580524367559261,1.7504688226712323e-09,1.7504688226712323e-09,1.0,CMB/LSS scales: BIH-VI exit feature is exponentially far away for N*=55
7.847599703514606,1.7481839385088575e-09,1.7481839385088575e-09,1.0,CMB/LSS scales: BIH-VI exit feature is exponentially far away for N*=55
8.124084577862957,1.7459008227542944e-09,1.7459008227542944e-09,1.0,CMB/LSS scales: BIH-VI exit feature is exponentially far away for N*=55
8.410310505352605,1.7436194762711622e-09,1.7436194762711622e-09,1.0,CMB/LSS scales: BIH-VI exit feature is exponentially far away for N*=55
8.706620680585118,1.741339899918263e-09,1.741339899918263e-09,1.0,CMB/LSS scales: BIH-VI exit feature is exponentially far away for N*=55
9.01337038951742,1.7390620945495862e-09,1.7390620945495862e-09,1.0,CMB/LSS scales: BIH-VI exit feature is exponentially far away for N*=55
9.330927435461664,1.736786061014312e-09,1.736786061014312e-09,1.0,CMB/LSS scales: BIH-VI exit feature is exponentially far away for N*=55
9.659672580093822,1.7345118001568169e-09,1.7345118001568169e-09,1.0,CMB/LSS scales: BIH-VI exit feature is exponentially far away for N*=55
10.0,1.732239312816675e-09,1.732239312816675e-09,1.0,CMB/LSS scales: BIH-VI exit feature is exponentially far away for N*=55
