dN,x_init,K,B_abs_proxy,B_raw_proxy,P_switch_over_P_cubic,fNL_eq_feature_raw,abs_fNL_eq_feature,start_N
0.00025,70,2.5,29.17428448138662,-29.17428448138662,0.3347192757488414,-0.8167496360270156,0.8167496360270156,-3.362250000011274
0.00025,70,2.541176470588235,26.38331765760347,-26.38331765760347,0.30672587225826536,-0.9317411635994626,0.9317411635994626,-3.3457500000113125
0.00025,70,2.5823529411764707,23.742637553918485,-23.742637553918485,0.28009226224670064,-1.0635596807937904,1.0635596807937904,-3.32975000001135
0.00025,70,2.623529411764706,21.259765580327553,-21.259765580327553,0.25481572132241304,-1.2153510624473358,1.2153510624473358,-3.3140000000113865
0.00025,70,2.664705882352941,18.938580014337077,-18.938580014337077,0.23088256783459943,-1.3909964868276692,1.3909964868276692,-3.298250000011423
0.00025,70,2.7058823529411766,16.780920641256685,-16.780920641256685,0.20828755853931166,-1.5953305204725248,1.5953305204725248,-3.2830000000114588
0.00025,70,2.7470588235294118,14.785328694284388,-14.785328694284388,0.1870147391751452,-1.8344506317618483,1.8344506317618483,-3.2677500000114943
0.00025,70,2.788235294117647,12.94934751272612,-12.94934751272612,0.1670462962437404,-2.116118126360738,2.116118126360738,-3.2527500000115293
0.00025,70,2.8294117647058825,11.269061214103544,-11.269061214103544,0.14836543669802274,-2.4503478880204286,2.4503478880204286,-3.238250000011563
0.00025,70,2.8705882352941177,9.738784255885818,-9.738784255885818,0.13094865119244928,-2.850153600624386,2.850153600624386,-3.223750000011597
0.00025,70,2.9117647058823533,8.352545197786284,-8.352545197786284,0.11477285445881441,-3.3327677061501464,3.3327677061501464,-3.2092500000116306
0.00025,70,2.9529411764705884,7.104056072673146,-7.104056072673146,0.0998133145857863,-3.921426347258992,3.921426347258992,-3.1952500000116633
0.00025,70,2.9941176470588236,5.986064431081886,-5.986064431081886,0.08604345793139014,-4.647819682031152,4.647819682031152,-3.1815000000116953
0.00025,70,3.035294117647059,4.991157674079126,-4.991157674079126,0.07343309221275837,-5.556153744050579,5.556153744050579,-3.1677500000117274
0.00025,70,3.0764705882352943,4.1120057793776965,-4.1120057793776965,0.06195315481496434,-6.709669328674835,6.709669328674835,-3.154250000011759
0.00025,70,3.11764705882353,3.341050548625738,-3.341050548625738,0.05157179177930874,-8.200961244992394,8.200961244992394,-3.1407500000117903
0.00025,70,3.158823529411765,2.670948300080287,-2.670948300080287,0.04225746214999861,-10.170314234880795,10.170314234880795,-3.1277500000118206
0.00025,70,3.2,2.0942540251161192,-2.0942540251161192,0.03397590204414195,-12.837307236463701,12.837307236463701,-3.114750000011851
0.00025,70,3.216666666666667,1.8857491749355173,-1.8857491749355173,0.030909723952187503,-14.190189984614497,14.190189984614497,-3.109500000011863
0.00025,70,3.2333333333333334,1.690905711305613,-1.690905711305613,0.028004867381472908,-15.747044225730413,15.747044225730413,-3.1042500000118753
0.00025,70,3.25,1.5092774894273835,-1.5092774894273835,0.025259039017371386,-17.55008931152679,17.55008931152679,-3.099250000011887
0.00025,70,3.266666666666667,1.3403773728968258,-1.3403773728968258,0.022669939791812258,-19.652476009930773,19.652476009930773,-3.0940000000118992
0.00025,70,3.2833333333333337,1.1837842312973064,-1.1837842312973064,0.020235039203573602,-22.12304395947827,22.12304395947827,-3.089000000011911
0.00025,70,3.3000000000000003,1.0390346361407083,-1.0390346361407083,0.017952130006725135,-25.050663727274106,25.050663727274106,-3.083750000011923
0.00025,70,3.316666666666667,0.9057109622622577,-0.9057109622622577,0.015818744470400218,-28.55324780110004,28.55324780110004,-3.0787500000119348
0.00025,70,3.3333333333333335,0.7833762938451279,-0.7833762938451279,0.01383247271455896,-32.788242122921886,32.788242122921886,-3.0737500000119464
0.00025,70,3.35,0.671610374457632,-0.671610374457632,0.01199090454761554,-37.970624021232744,37.970624021232744,-3.068750000011958
0.00025,70,3.3666666666666667,0.5700003289881844,-0.5700003289881844,0.010291618356224209,-44.39959635346389,44.39959635346389,-3.0637500000119697
0.00025,70,3.3833333333333333,0.478140823040745,-0.478140823040745,0.008732182186278806,-52.501221442962326,52.501221442962326,-3.0587500000119814
0.00025,70,3.4000000000000004,0.3956350333505516,-0.3956350333505516,0.007310149552428226,-62.898580868928384,62.898580868928384,-3.0540000000119925
0.00025,70,3.416666666666667,0.32209095450941455,-0.32209095450941455,0.00602308105203939,-76.52996029183832,76.52996029183832,-3.049000000012004
0.00025,70,3.4333333333333336,0.25712824891791414,-0.25712824891791414,0.004868528554297579,-94.86204624941868,94.86204624941868,-3.044250000012015
0.00025,70,3.45,0.20037237990095716,-0.20037237990095716,0.003844000088634667,-120.28386457389422,120.28386457389422,-3.039250000012027
0.00025,70,3.466666666666667,0.15145778084828504,-0.15145778084828504,0.002947052816100482,-156.8943609958345,156.8943609958345,-3.034500000012038
0.00025,70,3.4833333333333334,0.11002667637574456,-0.11002667637574456,0.002175205196857932,-212.1773896356141,212.1773896356141,-3.029750000012049
0.00025,70,3.5,0.07572967651509716,-0.07572967651509716,0.0015259865946763865,-300.9064750530953,300.9064750530953,-3.0247500000120606
0.00025,70,3.5166666666666666,0.04822502393265496,-0.04822502393265496,0.0009969165769349291,-455.2398419117936,455.2398419117936,-3.0200000000120717
0.00025,70,3.5333333333333337,0.027179587027887826,-0.027179587027887826,0.0005855298036756665,-754.0638358566439,754.0638358566439,-3.0152500000120828
0.00025,70,3.5500000000000003,0.012268168403248458,-0.012268168403248458,0.000289347683582402,-1412.9940504935212,1412.9940504935212,-3.0107500000120933
0.00025,70,3.566666666666667,0.0031737692364622854,-0.0031737692364622854,0.000105893095238713,-2766.516150929,2766.516150929,-3.0060000000121043
0.00025,70,3.5833333333333335,0.0004126679955450641,0.0004126679955450641,3.269523888579972e-05,3824.509277969132,3824.509277969132,-3.0012500000121154
0.00025,70,3.6,0.0012079175090052429,-0.0012079175090052429,6.728421663295348e-05,-2678.949425398089,2678.949425398089,-2.9965000000121265
0.00025,70,3.6166666666666667,0.007742476443854127,-0.007742476443854127,0.00020719246219020674,-1835.0870706485823,1835.0870706485823,-2.992000000012137
0.00025,70,3.6333333333333337,0.01890615037599322,-0.01890615037599322,0.00044995924499862316,-962.7429566761683,962.7429566761683,-2.987250000012148
0.00025,70,3.6500000000000004,0.0344213711752475,-0.0344213711752475,0.0007931232353609786,-571.5991570559091,571.5991570559091,-2.9827500000121585
0.00025,70,3.666666666666667,0.05401884806140794,-0.05401884806140794,0.0012342334460835865,-375.2731075361545,375.2731075361545,-2.978250000012169
0.00025,70,3.6833333333333336,0.07743691583866373,-0.07743691583866373,0.001770840891830747,-264.72651823030316,264.72651823030316,-2.9737500000121795
0.00025,70,3.7,0.10442301353397936,-0.10442301353397936,0.002400529276377491,-196.77318399771755,196.77318399771755,-2.9690000000121906
0.00025,70,3.716666666666667,0.13472833584707478,-0.13472833584707478,0.003120837415365534,-152.13807781248065,152.13807781248065,-2.964500000012201
0.00025,70,3.7333333333333334,0.16811265160036884,-0.16811265160036884,0.003929328475621274,-121.27893977289934,121.27893977289934,-2.960250000012211
0.00025,70,3.75,0.20434869605105982,-0.20434869605105982,0.004823638855023664,-99.06213533193316,99.06213533193316,-2.9557500000122214
0.00025,70,3.7666666666666666,0.24321044568136616,-0.24321044568136616,0.005801351474765509,-82.53492782941443,82.53492782941443,-2.951250000012232
0.00025,70,3.7833333333333337,0.2844809756581707,-0.2844809756581707,0.006860061788240221,-69.90411166827552,69.90411166827552,-2.9467500000122424
0.00025,70,3.8000000000000003,0.32794552445898884,-0.32794552445898884,0.007997338068424484,-60.03060675754267,60.03060675754267,-2.9425000000122523
0.00025,70,3.816666666666667,0.37341044283337377,-0.37341044283337377,0.00921092694680969,-52.16317121334255,52.16317121334255,-2.938000000012263
0.00025,70,3.8333333333333335,0.4206756043256913,-0.4206756043256913,0.010498409002744952,-45.79010376609695,45.79010376609695,-2.9335000000122733
0.00025,70,3.85,0.4695446446395093,-0.4695446446395093,0.011857366117358274,-40.55322004310996,40.55322004310996,-2.929250000012283
0.00025,70,3.8666666666666667,0.5198407923663227,-0.5198407923663227,0.013285523019338023,-36.195745048330984,36.195745048330984,-2.925000000012293
0.00025,70,3.8833333333333337,0.5713881682838667,-0.5713881682838667,0.014780574580689999,-32.52968096939044,32.52968096939044,-2.920750000012303
0.00025,70,3.9000000000000004,0.6240270172375125,-0.6240270172375125,0.016340340929212403,-29.41482211209787,29.41482211209787,-2.9162500000123135
0.00025,70,3.916666666666667,0.6775758056585856,-0.6775758056585856,0.017962293708932386,-26.744887713324182,26.744887713324182,-2.9120000000123234
0.00025,70,3.9333333333333336,0.7318865783847612,-0.7318865783847612,0.019644276934058142,-24.438105074005133,24.438105074005133,-2.9077500000123333
0.00025,70,3.95,0.7868086630085507,-0.7868086630085507,0.021384036417479726,-22.430725257496885,22.430725257496885,-2.903500000012343
0.00025,70,3.972727272727273,0.8624248524720128,-0.8624248524720128,0.023845481237101007,-20.086745657001202,20.086745657001202,-2.8977500000123566
0.00025,70,3.9954545454545456,0.9385600364644766,-0.9385600364644766,0.026404549600536918,-18.108978124141515,18.108978124141515,-2.89200000001237
0.00025,70,4.0181818181818185,1.0148707027415913,-1.0148707027415913,0.0290554766470597,-16.423935205763453,16.423935205763453,-2.886500000012383
0.00025,70,4.040909090909091,1.091074616229621,-1.091074616229621,0.03179321210007152,-14.975660655471122,14.975660655471122,-2.8807500000123962
0.00025,70,4.0636363636363635,1.1668667884354518,-1.1668667884354518,0.03461206934190637,-13.721100779857279,13.721100779857279,-2.8750000000124096
0.00025,70,4.086363636363637,1.2419590373758087,-1.2419590373758087,0.0375064443563031,-12.626650027503214,12.626650027503214,-2.8695000000124224
0.00025,70,4.109090909090909,1.3161108675610471,-1.3161108675610471,0.04047121453968637,-11.665640600740488,11.665640600740488,-2.8640000000124353
0.00025,70,4.131818181818182,1.389084439266811,-1.389084439266811,0.04350119736942414,-10.816798477962317,10.816798477962317,-2.858500000012448
0.00025,70,4.154545454545454,1.460658501728977,-1.460658501728977,0.046591241148566255,-10.062951743856845,10.062951743856845,-2.853000000012461
0.00025,70,4.177272727272728,1.5306278509063445,-1.5306278509063445,0.049736269359303135,-9.390113695381872,9.390113695381872,-2.8475000000124737
0.00025,70,4.2,1.5988027974480223,-1.5988027974480223,0.05293128210097388,-8.78679686563907,8.78679686563907,-2.8420000000124865
0.0005,70,2.5,28.60362122632273,-28.60362122632273,0.33513113841052466,-0.7988190084300668,0.7988190084300668,-3.362499999994087
0.0005,70,2.541176470588235,25.904071847187993,-25.904071847187993,0.3071100188892652,-0.9125291739193766,0.9125291739193766,-3.345999999994067
0.0005,70,2.5823529411764707,23.34131362051164,-23.34131362051164,0.2804542175431932,-1.0429009945299468,1.0429009945299468,-3.3299999999940475
0.0005,70,2.623529411764706,20.92457996277483,-20.92457996277483,0.25514999733364424,-1.193057345478034,1.193057345478034,-3.313999999994028
0.0005,70,2.664705882352941,18.66008289919739,-18.66008289919739,0.231197757845441,-1.366827414078062,1.366827414078062,-3.298499999994009
0.0005,70,2.7058823529411766,16.550074079161554,-16.550074079161554,0.20857903094454272,-1.5690128105587606,1.5690128105587606,-3.28299999999399
0.0005,70,2.7470588235294118,14.595320699531575,-14.595320699531575,0.18728637356553068,-1.805652845069188,1.805652845069188,-3.2679999999939717
0.0005,70,2.788235294117647,12.793627697183055,-12.793627697183055,0.16729733830316898,-2.084430792378461,2.084430792378461,-3.2529999999939534
0.0005,70,2.8294117647058825,11.142217256976508,-11.142217256976508,0.14859570473854586,-2.415263916478876,2.415263916478876,-3.2384999999939357
0.0005,70,2.8705882352941177,9.636192258266902,-9.636192258266902,0.1311600864441158,-2.811043991497473,2.811043991497473,-3.223999999993918
0.0005,70,2.9117647058823533,8.270239453741056,-8.270239453741056,0.114966978551391,-3.288835522724507,3.288835522724507,-3.2094999999939002
0.0005,70,2.9529411764705884,7.0386371588217,-7.0386371588217,0.09998941733880896,-3.871641485358951,3.871641485358951,-3.195499999993883
0.0005,70,2.9941176470588236,5.934520754379449,-5.934520754379449,0.08620321066745963,-4.590793894044648,4.590793894044648,-3.181499999993866
0.0005,70,3.035294117647059,4.951242411949046,-4.951242411949046,0.07357696227780124,-5.490186219090216,5.490186219090216,-3.1679999999938495
0.0005,70,3.0764705882352943,4.081502475219722,-4.081502475219722,0.06208203612034929,-6.632273222334665,6.632273222334665,-3.154499999993833
0.0005,70,3.11764705882353,3.318173096011453,-3.318173096011453,0.051686412545261365,-8.108721926733947,8.108721926733947,-3.1409999999938165
0.0005,70,3.158823529411765,2.6541866423840794,-2.6541866423840794,0.04235856854180408,-10.0583007153262,10.0583007153262,-3.1279999999938006
0.0005,70,3.2,2.082333333748764,-2.082333333748764,0.03406419761470429,-12.698151000144957,12.698151000144957,-3.1149999999937847
0.0005,70,3.216666666666667,1.875451195059882,-1.875451195059882,0.030993139517461254,-14.036977859012332,14.036977859012332,-3.109499999993778
0.0005,70,3.2333333333333334,1.6821111086358536,-1.6821111086358536,0.028083302000929573,-15.577760768207499,15.577760768207499,-3.104499999993772
0.0005,70,3.25,1.5018136668302202,-1.5018136668302202,0.02533284095134916,-17.361862508005483,17.361862508005483,-3.099499999993766
0.0005,70,3.266666666666667,1.334090556185767,-1.334090556185767,0.022739056806699066,-19.44175802563149,19.44175802563149,-3.093999999993759
0.0005,70,3.2833333333333337,1.1785588441926937,-1.1785588441926937,0.020299516021999857,-21.88569439642866,21.88569439642866,-3.088999999993753
0.0005,70,3.3000000000000003,1.0347568436172767,-1.0347568436172767,0.018012193830860335,-24.781424096352534,24.781424096352534,-3.083999999993747
0.0005,70,3.316666666666667,0.9022590621987695,-0.9022590621987695,0.015874490685384875,-28.24499864728485,28.24499864728485,-3.0789999999937407
0.0005,70,3.3333333333333335,0.7806464644508829,-0.7806464644508829,0.013884008048094247,-32.43187303751813,32.43187303751813,-3.0739999999937346
0.0005,70,3.35,0.6695067064963575,-0.6695067064963575,0.012038334850662065,-37.554010041276534,37.554010041276534,-3.0689999999937285
0.0005,70,3.3666666666666667,0.5684343454488867,-0.5684343454488867,0.010335048564865607,-43.906267918847675,43.906267918847675,-3.0639999999937224
0.0005,70,3.3833333333333333,0.4770310252285084,-0.4770310252285084,0.00877171628470349,-51.908278582736266,51.908278582736266,-3.0589999999937163
0.0005,70,3.4000000000000004,0.39490564053198884,-0.39490564053198884,0.007345895817237394,-62.17308704764693,62.17308704764693,-3.05399999999371
0.0005,70,3.416666666666667,0.321674480494927,-0.321674480494927,0.006055136780087997,-75.62389843265103,75.62389843265103,-3.048999999993704
0.0005,70,3.4333333333333336,0.2569618212924667,-0.2569618212924667,0.0048970094679471315,-93.70184087900846,93.70184087900846,-3.0444999999936986
0.0005,70,3.45,0.20039762255187796,-0.20039762255187796,0.0038689851273248682,-118.75114015928526,118.75114015928526,-3.0394999999936925
0.0005,70,3.466666666666667,0.15162226572627296,-0.15162226572627296,0.0029686354668916354,-154.78925753751554,154.78925753751554,-3.0344999999936864
0.0005,70,3.4833333333333334,0.11028238717414363,-0.11028238717414363,0.002193498703489791,-209.13945041835203,209.13945041835203,-3.029999999993681
0.0005,70,3.5,0.07603317714420024,-0.07603317714420024,0.0015410740611771087,-296.22586773196247,296.22586773196247,-3.0249999999936747
0.0005,70,3.5166666666666666,0.04853719038290661,-0.04853719038290661,0.001008901712726678,-447.36536340315513,447.36536340315513,-3.0199999999936686
0.0005,70,3.5333333333333337,0.027464786588679502,-0.027464786588679502,0.0005945071443053055,-739.1419722457164,739.1419722457164,-3.015499999993663
0.0005,70,3.5500000000000003,0.01249473454686213,-0.01249473454686213,0.00029540809458591076,-1380.65607053437,1380.65607053437,-3.0109999999936576
0.0005,70,3.566666666666667,0.0033132893933177816,-0.0033132893933177816,0.00010912744297096148,-2719.471777565766,2719.471777565766,-3.0059999999936515
0.0005,70,3.5833333333333335,0.0003854087547843461,0.0003854087547843461,3.319606783154116e-05,3464.9308094833855,3464.9308094833855,-3.001499999993646
0.0005,70,3.6,0.0011006613373197305,-0.0011006613373197305,6.514058061858257e-05,-2604.378459646994,2604.378459646994,-2.99649999999364
0.0005,70,3.6166666666666667,0.007481223346069477,-0.007481223346069477,0.00020249331491761785,-1856.4186399475602,1856.4186399475602,-2.9919999999936344
0.0005,70,3.6333333333333337,0.018473717894396537,-0.018473717894396537,0.000442789639718625,-971.4376415176501,971.4376415176501,-2.987499999993629
0.0005,70,3.6500000000000004,0.03380329421723736,-0.03380329421723736,0.0007835704632764608,-575.1082251398993,575.1082251398993,-2.9829999999936234
0.0005,70,3.666666666666667,0.0532027497989518,-0.0532027497989518,0.0012223823615814839,-376.80664327041956,376.80664327041956,-2.978499999993618
0.0005,70,3.6833333333333336,0.0764124718596589,-0.0764124718596589,0.001756771468769349,-265.42522156886776,265.42522156886776,-2.9739999999936124
0.0005,70,3.7,0.10318316971627059,-0.10318316971627059,0.002384342594520517,-197.0857614813075,197.0857614813075,-2.9689999999936063
0.0005,70,3.716666666666667,0.1332654992843604,-0.1332654992843604,0.0031026034043999152,-152.2602236707205,152.2602236707205,-2.964499999993601
0.0005,70,3.7333333333333334,0.1664195470763054,-0.1664195470763054,0.00390910118175179,-121.30317588743459,121.30317588743459,-2.960499999993596
0.0005,70,3.75,0.20242359844797814,-0.20242359844797814,0.004801518081812761,-99.03515419738038,99.03515419738038,-2.9559999999935904
0.0005,70,3.7666666666666666,0.24105121127675433,-0.24105121127675433,0.005777423085671174,-82.48141877225366,82.48141877225366,-2.951499999993585
0.0005,70,3.7833333333333337,0.2820867373136518,-0.2820867373136518,0.006834394068467973,-69.83759034066948,69.83759034066948,-2.9469999999935794
0.0005,70,3.8000000000000003,0.325321541142334,-0.325321541142334,0.007970064339907733,-59.95866685122118,59.95866685122118,-2.942499999993574
0.0005,70,3.816666666666667,0.37055389700230856,-0.37055389700230856,0.009182065353466433,-52.09005583638835,52.09005583638835,-2.9379999999935684
0.0005,70,3.8333333333333335,0.4175888814049483,-0.4175888814049483,0.01046804149366957,-45.71822148928909,45.71822148928909,-2.933499999993563
0.0005,70,3.85,0.4662238641088523,-0.4662238641088523,0.011825485566395958,-40.48387767922278,40.48387767922278,-2.929499999993558
0.0005,70,3.8666666666666667,0.5163044347967439,-0.5163044347967439,0.013252367257941626,-36.12965274316978,36.12965274316978,-2.9249999999935525
0.0005,70,3.8833333333333337,0.5676250151288478,-0.5676250151288478,0.014746009469292175,-32.46711499685446,32.46711499685446,-2.9209999999935476
0.0005,70,3.9000000000000004,0.6200505229408584,-0.6200505229408584,0.016304544708062963,-29.35587711079724,29.35587711079724,-2.916499999993542
0.0005,70,3.916666666666667,0.6734024077900309,-0.6734024077900309,0.01792546669124281,-26.689484910876644,26.689484910876644,-2.9119999999935366
0.0005,70,3.9333333333333336,0.7275021413805134,-0.7275021413805134,0.019606210174247345,-24.386130970761307,24.386130970761307,-2.9079999999935318
0.0005,70,3.95,0.7822424284849228,-0.7822424284849228,0.02134510349516333,-22.381973985661997,22.381973985661997,-2.9034999999935263
0.0005,70,3.972727272727273,0.857594886721003,-0.857594886721003,0.023805068710517484,-20.042126515462996,20.042126515462996,-2.8979999999935195
0.0005,70,3.9954545454545456,0.9335064329011873,-0.9335064329011873,0.02636316143116441,-18.068069199839737,18.068069199839737,-2.891999999993512
0.0005,70,4.0181818181818185,1.0095961889766683,-1.0095961889766683,0.029013016426150524,-16.386412777160505,16.386412777160505,-2.8864999999935055
0.0005,70,4.040909090909091,1.085580251297361,-1.085580251297361,0.03174956557872402,-14.941242244275438,14.941242244275438,-2.8809999999934988
0.0005,70,4.0636363636363635,1.1611984633553387,-1.1611984633553387,0.03456785326605474,-13.689400600708073,13.689400600708073,-2.8749999999934914
0.0005,70,4.086363636363637,1.2361186767046348,-1.2361186767046348,0.03746145372832994,-12.59744412833438,12.59744412833438,-2.8694999999934847
0.0005,70,4.109090909090909,1.3101152719407407,-1.3101152719407407,0.04042559381767818,-11.638689016394814,11.638689016394814,-2.863999999993478
0.0005,70,4.131818181818182,1.382950484444991,-1.382950484444991,0.04345504513261686,-10.79188714751051,10.79188714751051,-2.8584999999934713
0.0005,70,4.154545454545454,1.4544030471282001,-1.4544030471282001,0.04654465289129392,-10.039890022954648,10.039890022954648,-2.8529999999934645
0.0005,70,4.177272727272728,1.524267657558359,-1.524267657558359,0.04968933751389241,-9.368731860439242,9.368731860439242,-2.847499999993458
0.0005,70,4.2,1.592354454584589,-1.592354454584589,0.05288409606832876,-8.766943752438838,8.766943752438838,-2.841999999993451
0.001,70,2.5,26.309932457110563,-26.309932457110563,0.3367691926828765,-0.7276553656829051,0.7276553656829051,-3.36300000000268
0.001,70,2.541176470588235,23.977082513118262,-23.977082513118262,0.30863781972751064,-0.8363051583366179,0.8363051583366179,-3.3460000000026895
0.001,70,2.5823529411764707,21.727054939786512,-21.727054939786512,0.2818856768737513,-0.960940757239686,0.960940757239686,-3.3300000000026984
0.001,70,2.623529411764706,19.5767688966161,-19.5767688966161,0.2564881632045184,-1.104592516372681,1.104592516372681,-3.3140000000027072
0.001,70,2.664705882352941,17.539325394816785,-17.539325394816785,0.23245285731388907,-1.2709360165179031,1.2709360165179031,-3.2990000000027155
0.001,70,2.7058823529411766,15.621346264920078,-15.621346264920078,0.20973991881507945,-1.4646172239616606,1.4646172239616606,-3.2830000000027244
0.001,70,2.7470588235294118,13.829649776268624,-13.829649776268624,0.18836329143150385,-1.6914207230825995,1.6914207230825995,-3.2680000000027327
0.001,70,2.788235294117647,12.165788588682162,-12.165788588682162,0.16829337831068913,-1.9587457795960481,1.9587457795960481,-3.253000000002741
0.001,70,2.8294117647058825,10.630927062129743,-10.630927062129743,0.14951596081094357,-2.2761534636259855,2.2761534636259855,-3.239000000002749
0.001,70,2.8705882352941177,9.2220983073031,-9.2220983073031,0.13200545657635476,-2.655971552408145,2.655971552408145,-3.224000000002757
0.001,70,2.9117647058823533,7.9381213977812735,-7.9381213977812735,0.11574183631143754,-3.1147216527179196,3.1147216527179196,-3.210000000002765
0.001,70,2.9529411764705884,6.774497951669105,-6.774497951669105,0.10069385004884543,-3.6743953692732165,3.6743953692732165,-3.1960000000027726
0.001,70,2.9941176470588236,5.7267158869155,-5.7267158869155,0.08684296142677976,-4.365126063258919,4.365126063258919,-3.1820000000027804
0.001,70,3.035294117647059,4.789654907632389,-4.789654907632389,0.0741530596046513,-5.2289364413118005,5.2289364413118005,-3.168000000002788
0.001,70,3.0764705882352943,3.9580335665359456,-3.9580335665359456,0.06259806348169135,-6.326040321597963,6.326040321597963,-3.1550000000027953
0.001,70,3.11764705882353,3.225358283920407,-3.225358283920407,0.05214576700904667,-7.74383031797723,7.74383031797723,-3.141000000002803
0.001,70,3.158823529411765,2.586081784806492,-2.586081784806492,0.04276390717095632,-9.615523428922149,9.615523428922149,-3.1280000000028103
0.001,70,3.2,2.0338051667238943,-2.0338051667238943,0.03441832673226309,-12.148586649692534,12.148586649692534,-3.1150000000028175
0.001,70,3.216666666666667,1.8336227335498547,-1.8336227335498547,0.03132745890004908,-13.432849929749459,13.432849929749459,-3.1100000000028203
0.001,70,3.2333333333333334,1.6462752007782964,-1.6462752007782964,0.02839781578618912,-14.910056252586816,14.910056252586816,-3.105000000002823
0.001,70,3.25,1.4713601209016325,-1.4713601209016325,0.02562833820681544,-16.619814449281517,16.619814449281517,-3.100000000002826
0.001,70,3.266666666666667,1.3084243998031873,-1.3084243998031873,0.02301589909856234,-18.61177917609257,18.61177917609257,-3.094000000002829
0.001,70,3.2833333333333337,1.1571864296141365,-1.1571864296141365,0.02055842293874832,-20.951368901192566,20.951368901192566,-3.089000000002832
0.001,70,3.3000000000000003,1.0171896657279027,-1.0171896657279027,0.01825338432893222,-23.721629841230808,23.721629841230808,-3.0840000000028347
0.001,70,3.316666666666667,0.8880446089186758,-0.8880446089186758,0.016098394895352287,-27.032590482756845,27.032590482756845,-3.0790000000028375
0.001,70,3.3333333333333335,0.7693660634133271,-0.7693660634133271,0.014091052569680747,-31.031410350351745,31.031410350351745,-3.0740000000028402
0.001,70,3.35,0.6607734912763898,-0.6607734912763898,0.012228942652385971,-35.91839058934969,35.91839058934969,-3.069000000002843
0.001,70,3.3666666666666667,0.561891334590186,-0.561891334590186,0.010509638889282743,-41.97161158537163,41.97161158537163,-3.064000000002846
0.001,70,3.3833333333333333,0.47234930772787687,-0.47234930772787687,0.00893070455834579,-49.5859208234701,49.5859208234701,-3.0590000000028486
0.001,70,3.4000000000000004,0.3917826618259404,-0.3917826618259404,0.007489693564391184,-59.33662369985147,59.33662369985147,-3.0540000000028513
0.001,70,3.416666666666667,0.3198324233539904,-0.3198324233539904,0.006184151539638855,-72.08739942752023,72.08739942752023,-3.049000000002854
0.001,70,3.4333333333333336,0.2561472615505743,-0.2561472615505743,0.005011606309630522,-89.18201084143527,89.18201084143527,-3.0450000000028563
0.001,70,3.45,0.20037582606275,-0.20037582606275,0.003969609663119358,-112.79480301963085,112.79480301963085,-3.040000000002859
0.001,70,3.466666666666667,0.15218102720125434,-0.15218102720125434,0.003055682132301076,-146.63436706403428,146.63436706403428,-3.035000000002862
0.001,70,3.4833333333333334,0.1112288318830535,-0.1112288318830535,0.002267379467953027,-197.41503913049345,197.41503913049345,-3.0300000000028646
0.001,70,3.5,0.07719183255701846,-0.07719183255701846,0.001602145430287131,-278.25340405807816,278.25340405807816,-3.0250000000028674
0.001,70,3.5166666666666666,0.04974935962498206,-0.04974935962498206,0.0010575459534749143,-417.33034279475265,417.33034279475265,-3.02000000000287
0.001,70,3.5333333333333337,0.028587337018881276,-0.028587337018881276,0.0006310990678592549,-682.7228593593536,682.7228593593536,-3.0160000000028724
0.001,70,3.5500000000000003,0.013399431995247974,-0.013399431995247974,0.0003203275852664688,-1259.2355104554088,1259.2355104554088,-3.011000000002875
0.001,70,3.566666666666667,0.003885320675540459,-0.003885320675540459,0.00012273886710846316,-2520.931461886645,2520.931461886645,-3.006000000002878
0.001,70,3.5833333333333335,0.0002480080927857488,0.0002480080927857488,3.58640580933261e-05,1910.2635990616018,1910.2635990616018,-3.00200000000288
0.001,70,3.6,0.0007132681552015693,-0.0007132681552015693,5.72227101532577e-05,-2187.105088835865,2187.105088835865,-2.997000000002883
0.001,70,3.6166666666666667,0.006490179586455872,-0.006490179586455872,0.0001843471862049755,-1943.1796636218257,1943.1796636218257,-2.9920000000028857
0.001,70,3.6333333333333337,0.01680984916036961,-0.01680984916036961,0.000414756290247859,-1007.472971801659,1007.472971801659,-2.988000000002888
0.001,70,3.6500000000000004,0.031408443068191405,-0.031408443068191405,0.000746012845012883,-589.5288225463054,589.5288225463054,-2.9830000000028907
0.001,70,3.666666666666667,0.05002504121005908,-0.05002504121005908,0.001175611538161595,-383.05260868878065,383.05260868878065,-2.979000000002893
0.001,70,3.6833333333333336,0.07241255579663741,-0.07241255579663741,0.00170115998623415,-268.2452651062775,268.2452651062775,-2.9740000000028957
0.001,70,3.7,0.0983254296625622,-0.0983254296625622,0.002320214286502005,-198.33375828801027,198.33375828801027,-2.9690000000028984
0.001,70,3.716666666666667,0.12751938050286557,-0.12751938050286557,0.003030227266006468,-152.73799334101278,152.73799334101278,-2.9650000000029006
0.001,70,3.7333333333333334,0.15976734386809271,-0.15976734386809271,0.00382885552412364,-121.38766992145564,121.38766992145564,-2.961000000002903
0.001,70,3.75,0.19485581919373035,-0.19485581919373035,0.004713754933556096,-98.91559919765362,98.91559919765362,-2.9560000000029056
0.001,70,3.7666666666666666,0.23254784630149264,-0.23254784630149264,0.005682340441920621,-82.25702525395045,82.25702525395045,-2.952000000002908
0.001,70,3.7833333333333337,0.27265728589541344,-0.27265728589541344,0.006732478964311086,-69.5627305266607,69.5627305266607,-2.9470000000029106
0.001,70,3.8000000000000003,0.3149507385953012,-0.3149507385953012,0.007861387573285382,-59.663268934146956,59.663268934146956,-2.943000000002913
0.001,70,3.816666666666667,0.3592657226952501,-0.3592657226952501,0.009067194626469158,-51.79122615750343,51.79122615750343,-2.9380000000029156
0.001,70,3.8333333333333335,0.40537050693895044,-0.40537050693895044,0.010346963792664964,-45.425277381862074,45.425277381862074,-2.934000000002918
0.001,70,3.85,0.4530992217558225,-0.4530992217558225,0.011698651312179478,-40.20196855555192,40.20196855555192,-2.93000000000292
0.001,70,3.8666666666666667,0.5023045269362902,-0.5023045269362902,0.01312027410781322,-35.86143699672925,35.86143699672925,-2.925000000002923
0.001,70,3.8833333333333337,0.5527550857291,-0.5527550857291,0.014608723615623709,-32.21361161868347,32.21361161868347,-2.921000000002925
0.001,70,3.9000000000000004,0.6043127133873392,-0.6043127133873392,0.016162117232742034,-29.1172655831113,29.1172655831113,-2.9170000000029273
0.001,70,3.916666666666667,0.6568581634216886,-0.6568581634216886,0.01777867879704729,-26.46548037018505,26.46548037018505,-2.91200000000293
0.001,70,3.9333333333333336,0.7101590259844017,-0.7101590259844017,0.019455079938356504,-24.176113603284673,24.176113603284673,-2.9080000000029322
0.001,70,3.95,0.7641044402999146,-0.7641044402999146,0.02118952462029438,-22.185226717259827,22.185226717259827,-2.9040000000029345
0.001,70,3.972727272727273,0.8384762325145956,-0.8384762325145956,0.023644672899378334,-19.862076820449214,19.862076820449214,-2.898000000002938
0.001,70,3.9954545454545456,0.9134414564000459,-0.9134414564000459,0.02619806577443805,-17.903224728343808,17.903224728343808,-2.892000000002941
0.001,70,4.0181818181818185,0.9886181111015753,-0.9886181111015753,0.028843237386829014,-16.23538292309709,16.23538292309709,-2.887000000002944
0.001,70,4.040909090909091,1.0638091343720788,-1.0638091343720788,0.03157648205865239,-14.802552217550192,14.802552217550192,-2.881000000002947
0.001,70,4.0636363636363635,1.1386702277400875,-1.1386702277400875,0.034391372513782326,-13.561895151704569,13.561895151704569,-2.8750000000029505
0.001,70,4.086363636363637,1.212869752423468,-1.212869752423468,0.03728149260710693,-12.48013072299889,12.48013072299889,-2.8700000000029533
0.001,70,4.109090909090909,1.2862733330794542,-1.2862733330794542,0.040243677797183484,-11.530380972897298,11.530380972897298,-2.8640000000029566
0.001,70,4.131818181818182,1.3585218437654731,-1.3585218437654731,0.04327038739962785,-10.691933777468693,10.691933777468693,-2.8590000000029594
0.001,70,4.154545454545454,1.4295160144647312,-1.4295160144647312,0.0463588971622294,-9.947281671780495,9.947281671780495,-2.8530000000029627
0.001,70,4.177272727272728,1.498930001441586,-1.498930001441586,0.04950155215147652,-9.283029539039687,9.283029539039687,-2.8480000000029655
0.001,70,4.2,1.5666894110325567,-1.5666894110325567,0.05269600255501441,-8.687268534099358,8.687268534099358,-2.842000000002969
0.0005,100,2.5,28.57705239718109,-28.57705239718109,0.3351458332308997,-0.7980977355112135,0.7980977355112135,-3.719999999994524
0.0005,100,2.541176470588235,25.88187556455989,-25.88187556455989,0.3071377337286398,-0.9117140746701182,0.9117140746701182,-3.703499999994504
0.0005,100,2.5823529411764707,23.322923330510207,-23.322923330510207,0.2804853960812991,-1.0420032123392897,1.0420032123392897,-3.6874999999944844
0.0005,100,2.623529411764706,20.910050518166827,-20.910050518166827,0.2551906729049429,-1.19206573856008,1.19206573856008,-3.671499999994465
0.0005,100,2.664705882352941,18.648596844631243,-18.648596844631243,0.23123945991744876,-1.3657499058708102,1.3657499058708102,-3.655999999994446
0.0005,100,2.7058823529411766,16.541659614996206,-16.541659614996206,0.20862622702647132,-1.567849080916633,1.567849080916633,-3.640499999994427
0.0005,100,2.7470588235294118,14.589080956394866,-14.589080956394866,0.18733201006517125,-1.8044028300142878,1.8044028300142878,-3.6254999999944086
0.0005,100,2.788235294117647,12.789560222338736,-12.789560222338736,0.16734480223043716,-2.083105356678294,2.083105356678294,-3.6104999999943903
0.0005,100,2.8294117647058825,11.139500464621023,-11.139500464621023,0.14864155961742218,-2.4138490829668444,2.4138490829668444,-3.5959999999943726
0.0005,100,2.8705882352941177,9.634818152374038,-9.634818152374038,0.13120466400910633,-2.8095603418059527,2.8095603418059527,-3.581499999994355
0.0005,100,2.9117647058823533,8.270123689165601,-8.270123689165601,0.11501021437992182,-3.2873282196323683,3.2873282196323683,-3.566999999994337
0.0005,100,2.9529411764705884,7.039133966194321,-7.039133966194321,0.10003032090028686,-3.870078317805785,3.870078317805785,-3.55299999999432
0.0005,100,2.9941176470588236,5.93557615559793,-5.93557615559793,0.08624049578837535,-4.589234471251162,4.589234471251162,-3.538999999994303
0.0005,100,3.035294117647059,4.952424179087828,-4.952424179087828,0.0736102920353715,-5.488561240494735,5.488561240494735,-3.5254999999942864
0.0005,100,3.0764705882352943,4.082803186747054,-4.082803186747054,0.06211155290804724,-6.6306514978438935,6.6306514978438935,-3.51199999999427
0.0005,100,3.11764705882353,3.319542947858345,-3.319542947858345,0.05171275714916854,-8.107208360686899,8.107208360686899,-3.4984999999942534
0.0005,100,3.158823529411765,2.6554128823390606,-2.6554128823390606,0.042380984954958366,-10.0567784264648,10.0567784264648,-3.4854999999942375
0.0005,100,3.2,2.0834210776451485,-2.0834210776451485,0.03408287366053185,-12.696735363699055,12.696735363699055,-3.4724999999942217
0.0005,100,3.216666666666667,1.876479302842812,-1.876479302842812,0.031010034348989163,-14.035707904230733,14.035707904230733,-3.4674999999942155
0.0005,100,3.2333333333333334,1.6830750211060064,-1.6830750211060064,0.028098957400530013,-15.576532987818315,15.576532987818315,-3.461999999994209
0.0005,100,3.25,1.5026824119530486,-1.5026824119530486,0.02534715380747688,-17.360592515095632,17.360592515095632,-3.4569999999942027
0.0005,100,3.266666666666667,1.3348970330024796,-1.3348970330024796,0.022751916582349596,-19.440740754866884,19.440740754866884,-3.4519999999941966
0.0005,100,3.2833333333333337,1.1793014850066603,-1.1793014850066603,0.020311308881918132,-21.88480620447771,21.88480620447771,-3.44649999999419
0.0005,100,3.3000000000000003,1.0354171727117532,-1.0354171727117532,0.01802267389931752,-24.780575953459287,24.780575953459287,-3.4414999999941838
0.0005,100,3.316666666666667,0.9028427208078629,-0.9028427208078629,0.015883760912043306,-28.244218332610995,28.244218332610995,-3.4364999999941777
0.0005,100,3.3333333333333335,0.7811585690726921,-0.7811585690726921,0.01389230700478484,-32.43119235863675,32.43119235863675,-3.4314999999941715
0.0005,100,3.35,0.6699520189574355,-0.6699520189574355,0.01204558199083591,-37.55346506321929,37.55346506321929,-3.4264999999941654
0.0005,100,3.3666666666666667,0.5688174207146708,-0.5688174207146708,0.010341323551780177,-43.905898892001936,43.905898892001936,-3.4214999999941593
0.0005,100,3.3833333333333333,0.47735633515237885,-0.47735633515237885,0.00877700425502291,-51.90812925336515,51.90812925336515,-3.416499999994153
0.0005,100,3.4000000000000004,0.3951776718693195,-0.3951776718693195,0.007350372753944254,-62.173202746719696,62.173202746719696,-3.411499999994147
0.0005,100,3.416666666666667,0.32189444641476317,-0.32189444641476317,0.006058843285880439,-75.62419210392626,75.62419210392626,-3.4069999999941416
0.0005,100,3.4333333333333336,0.257138351495449,-0.257138351495449,0.004900017144447659,-93.70202443008587,93.70202443008587,-3.4019999999941355
0.0005,100,3.45,0.20053633406283403,-0.20053633406283403,0.003871395886790345,-118.75172007249083,118.75172007249083,-3.3969999999941294
0.0005,100,3.466666666666667,0.15172769155677063,-0.15172769155677063,0.0029704831509607347,-154.79025084393575,154.79025084393575,-3.3919999999941233
0.0005,100,3.4833333333333334,0.11035869935146653,-0.11035869935146653,0.0021948654441142205,-209.14069553852468,209.14069553852468,-3.3874999999941178
0.0005,100,3.5,0.07608606972314519,-0.07608606972314519,0.0015420506067774626,-296.228134770333,296.228134770333,-3.3824999999941117
0.0005,100,3.5166666666666666,0.048570842666539056,-0.048570842666539056,0.0010095376500999422,-447.37111813553696,447.37111813553696,-3.377999999994106
0.0005,100,3.5333333333333337,0.027484283855929607,-0.027484283855929607,0.0005948844101690491,-739.1639362122897,739.1639362122897,-3.3729999999941
0.0005,100,3.5500000000000003,0.012503969871810168,-0.012503969871810168,0.0002955888175925869,-1380.7885851777228,1380.7885851777228,-3.3684999999940946
0.0005,100,3.566666666666667,0.003316250037001999,-0.003316250037001999,0.00010918694674575407,-2720.5267741358216,2720.5267741358216,-3.3634999999940884
0.0005,100,3.5833333333333335,0.0003852376035504169,0.0003852376035504169,3.3198849458086475e-05,3464.8823477222045,3464.8823477222045,-3.358999999994083
0.0005,100,3.6,0.001101217400004799,-0.001101217400004799,6.515186271853642e-05,-2606.3652698938154,2606.3652698938154,-3.3544999999940774
0.0005,100,3.6166666666666667,0.007484893764580258,-0.007484893764580258,0.00020257422831843687,-1856.9616120423211,1856.9616120423211,-3.3494999999940713
0.0005,100,3.6333333333333337,0.018483010304646923,-0.018483010304646923,0.0004430056152841805,-971.5780322994982,971.5780322994982,-3.344999999994066
0.0005,100,3.6500000000000004,0.033820304550724635,-0.033820304550724635,0.000783978711446052,-575.1529420828612,575.1529420828612,-3.3404999999940603
0.0005,100,3.666666666666667,0.05322917512924344,-0.05322917512924344,0.0012230391652301516,-376.8214307937116,376.8214307937116,-3.335999999994055
0.0005,100,3.6833333333333336,0.07644958258856423,-0.07644958258856423,0.0017577372034871255,-265.42865632811674,265.42865632811674,-3.3314999999940493
0.0005,100,3.7,0.103228982395204,-0.103228982395204,0.0023856300823962917,-197.08440746320719,197.08440746320719,-3.326999999994044
0.0005,100,3.716666666666667,0.13332225295228406,-0.13332225295228406,0.0031042827323950603,-152.25651762157813,152.25651762157813,-3.3224999999940383
0.0005,100,3.7333333333333334,0.16649161922011904,-0.16649161922011904,0.003911268378737342,-121.2983970748804,121.2983970748804,-3.317999999994033
0.0005,100,3.75,0.20250657246478537,-0.20250657246478537,0.004804169139335195,-99.02986938380616,99.02986938380616,-3.3134999999940273
0.0005,100,3.7666666666666666,0.24114378660359076,-0.24114378660359076,0.005780576601623036,-82.47592598615579,82.47592598615579,-3.308999999994022
0.0005,100,3.7833333333333337,0.2821870315582189,-0.2821870315582189,0.006838092380387267,-69.83205330694221,69.83205330694221,-3.3044999999940163
0.0005,100,3.8000000000000003,0.3254270839627297,-0.3254270839627297,0.007974328658792116,-59.953180839646755,59.953180839646755,-3.299999999994011
0.0005,100,3.816666666666667,0.37066557391047616,-0.37066557391047616,0.009186901208597616,-52.08455341215359,52.08455341215359,-3.295999999994006
0.0005,100,3.8333333333333335,0.4176999137131201,-0.4176999137131201,0.010473467582396125,-45.71287289667969,45.71287289667969,-3.2914999999940004
0.0005,100,3.85,0.46634458375102206,-0.46634458375102206,0.011831662690225652,-40.4787301830427,40.4787301830427,-3.286999999993995
0.0005,100,3.8666666666666667,0.5164174463587039,-0.5164174463587039,0.013259146566933798,-36.12468499897235,36.12468499897235,-3.2824999999939894
0.0005,100,3.8833333333333337,0.5677497070862614,-0.5677497070862614,0.01475360870796459,-32.462246307770684,32.462246307770684,-3.2784999999939846
0.0005,100,3.9000000000000004,0.620159596277799,-0.620159596277799,0.016312722868027908,-29.35119995062762,29.35119995062762,-3.273999999993979
0.0005,100,3.916666666666667,0.6734982995065193,-0.6734982995065193,0.01793421943840549,-26.68491892072942,26.68491892072942,-3.269999999993974
0.0005,100,3.9333333333333336,0.7275938913033302,-0.7275938913033302,0.019615784099908554,-24.381755835360337,24.381755835360337,-3.2654999999939687
0.0005,100,3.95,0.7823127095125804,-0.7823127095125804,0.021355204013859097,-22.377726737038433,22.377726737038433,-3.261499999993964
0.0005,100,3.972727272727273,0.8576491077094515,-0.8576491077094515,0.023816230680989297,-20.038109174003363,20.038109174003363,-3.2554999999939565
0.0005,100,3.9954545454545456,0.9335222682804094,-0.9335222682804094,0.02637502211945907,-18.064248630106356,18.064248630106356,-3.2499999999939497
0.0005,100,4.0181818181818185,1.0095809749625397,-1.0095809749625397,0.02902585449210612,-16.38282183971816,16.38282183971816,-3.2439999999939424
0.0005,100,4.040909090909091,1.0855401963250462,-1.0855401963250462,0.031763389267114396,-14.937787955766524,14.937787955766524,-3.2384999999939357
0.0005,100,4.0636363636363635,1.1610972676383438,-1.1610972676383438,0.03458208332987503,-13.686185687847486,13.686185687847486,-3.232999999993929
0.0005,100,4.086363636363637,1.2359797125292586,-1.2359797125292586,0.03747673609425522,-12.594380301104414,12.594380301104414,-3.2274999999939222
0.0005,100,4.109090909090909,1.3099328000480037,-1.3099328000480037,0.040441666623431544,-11.635783401903346,11.635783401903346,-3.2219999999939155
0.0005,100,4.131818181818182,1.3827017202986471,-1.3827017202986471,0.04347134844889983,-10.78923624239069,10.78923624239069,-3.215999999993908
0.0005,100,4.154545454545454,1.454099456092918,-1.454099456092918,0.04656146189735051,-10.037413358537078,10.037413358537078,-3.2104999999939015
0.0005,100,4.177272727272728,1.5239048364799084,-1.5239048364799084,0.04970649125967962,-9.366439634765687,9.366439634765687,-3.2049999999938947
0.0005,100,4.2,1.5919487117727096,-1.5919487117727096,0.05290198677141416,-8.764763925948134,8.764763925948134,-3.1999999999938886
